#{"t_start": 1623057457.807184, "env_id": "dVRLPickPlaceTarget-v0"}
r,l,t
-100.0,100,42.681787
-100.0,100,80.178195
-100.0,100,117.678002
-100.0,100,155.089434
-100.0,100,192.458132
-100.0,100,229.762011
-100.0,100,267.053783
-100.0,100,304.537612
-100.0,100,341.861774
-100.0,100,379.113908
-100.0,100,416.51017
-100.0,100,456.377997
-100.0,100,496.170056
-100.0,100,535.381958
-100.0,100,575.209631
-100.0,100,615.07407
-100.0,100,654.837925
-100.0,100,694.718172
-100.0,100,734.702009
-100.0,100,774.513436
-100.0,100,814.097374
-100.0,100,853.598152
-100.0,100,893.249481
-100.0,100,933.078187
-100.0,100,972.529443
-100.0,100,1011.898121
-100.0,100,1051.677184
-100.0,100,1091.450158
-100.0,100,1130.925989
-100.0,100,1171.04599
-100.0,100,1211.041452
-100.0,100,1250.830277
-100.0,100,1290.737971
-100.0,100,1330.641295
-100.0,100,1370.490045
-100.0,100,1410.805926
-100.0,100,1451.18164
-100.0,100,1491.005382
-100.0,100,1531.409445
-100.0,100,1571.177492
-100.0,100,1610.585794
-100.0,100,1650.569932
-100.0,100,1690.821975
-100.0,100,1731.11317
-100.0,100,1771.125731
-100.0,100,1811.449475
-100.0,100,1851.361766
-100.0,100,1890.969437
-100.0,100,1931.113385
-100.0,100,1970.933337
-100.0,100,2010.965744
-100.0,100,2051.062041
-100.0,100,2091.273652
-100.0,100,2131.265866
-100.0,100,2171.629935
-100.0,100,2211.39738
-100.0,100,2251.306205
-100.0,100,2291.441583
-100.0,100,2331.649826
-100.0,100,2371.24184
-100.0,100,2411.094096
-100.0,100,2450.78198
-100.0,100,2490.730189
-100.0,100,2530.225271
-100.0,100,2570.038157
-100.0,100,2609.913969
-100.0,100,2649.549902
-100.0,100,2689.721623
-100.0,100,2729.665125
-100.0,100,2769.329718
-100.0,100,2809.781879
-100.0,100,2849.597859
-100.0,100,2889.581698
-100.0,100,2929.413382
-100.0,100,2969.314058
-100.0,100,3009.161836
-100.0,100,3048.929852
-100.0,100,3089.029932
-100.0,100,3129.053486
-100.0,100,3168.793298
-100.0,100,3208.665793
-100.0,100,3248.80934
-100.0,100,3288.889672
-100.0,100,3329.165941
-100.0,100,3369.082195
-100.0,100,3408.745842
-100.0,100,3448.53722
-100.0,100,3488.357281
-100.0,100,3527.985686
-100.0,100,3568.146074
-100.0,100,3608.138209
-100.0,100,3647.934004
-100.0,100,3687.422218
-100.0,100,3727.16121
-100.0,100,3766.865861
-100.0,100,3807.285666
-100.0,100,3847.033466
-100.0,100,3887.001825
-100.0,100,3927.246064
-100.0,100,3967.337803
-100.0,100,4381.77711
-100.0,100,4421.909945
-100.0,100,4461.757278
-100.0,100,4501.701329
-100.0,100,4541.657347
-100.0,100,4582.03739
-100.0,100,4621.861704
-100.0,100,4661.845906
-100.0,100,4702.145304
-100.0,100,4741.929666
-100.0,100,4781.669084
-100.0,100,4821.729459
-100.0,100,4861.177472
-100.0,100,4900.998071
-100.0,100,4941.385827
-100.0,100,4981.569212
-100.0,100,5021.51826
-100.0,100,5061.209654
-100.0,100,5102.065804
-100.0,100,5142.165323
-100.0,100,5182.273607
-100.0,100,5222.241402
-100.0,100,5261.95341
-100.0,100,5301.869356
-100.0,100,5341.98542
-100.0,100,5381.862228
-100.0,100,5421.526112
-100.0,100,5461.465729
-100.0,100,5501.957842
-100.0,100,5542.177868
-100.0,100,5582.394121
-100.0,100,5622.149866
-100.0,100,5662.289753
-100.0,100,5702.398212
-100.0,100,5742.337856
-100.0,100,5782.297712
-100.0,100,5822.24145
-100.0,100,5862.365772
-100.0,100,5901.96943
-100.0,100,5942.022182
-100.0,100,5982.133323
-100.0,100,6022.19331
-100.0,100,6062.401598
-100.0,100,6102.293913
-100.0,100,6142.433532
-100.0,100,6182.178013
-100.0,100,6221.909134
-100.0,100,6262.157151
-100.0,100,6302.293675
-100.0,100,6342.498169
-100.0,100,6382.522069
-100.0,100,6422.10198
-100.0,100,6461.509353
-100.0,100,6501.793977
-100.0,100,6541.901243
-100.0,100,6581.797889
-100.0,100,6621.56976
-100.0,100,6661.869884
-100.0,100,6702.209415
-100.0,100,6741.916222
-100.0,100,6781.449987
-100.0,100,6821.017336
-100.0,100,6861.185801
-100.0,100,6901.289902
-100.0,100,6941.193892
-100.0,100,6981.289832
-100.0,100,7021.110077
-100.0,100,7061.177773
-100.0,100,7101.146038
-100.0,100,7141.201992
-100.0,100,7181.338077
-100.0,100,7220.990117
-100.0,100,7260.881686
-100.0,100,7300.977824
-100.0,100,7340.87405
-100.0,100,7380.853476
-100.0,100,7420.78547
-100.0,100,7460.825807
-100.0,100,7500.917506
-100.0,100,7541.386055
-100.0,100,7581.241624
-100.0,100,7621.226071
-100.0,100,7661.11815
-100.0,100,7700.902153
-100.0,100,7740.4776
-100.0,100,7780.457098
-100.0,100,7820.649413
-100.0,100,7860.405591
-100.0,100,7900.453431
-100.0,100,7940.277134
-100.0,100,7980.53409
-100.0,100,8020.461622
-100.0,100,8060.486025
-100.0,100,8100.777292
-100.0,100,8140.757536
-100.0,100,8180.54123
-100.0,100,8220.645359
-100.0,100,8260.58974
-100.0,100,8300.982177
-100.0,100,8341.246318
-100.0,100,8756.21333
-100.0,100,8796.410094
-100.0,100,8836.329261
-100.0,100,8876.349229
-100.0,100,8916.561848
-100.0,100,8956.237776
-100.0,100,8996.193989
-100.0,100,9036.029273
-100.0,100,9076.597944
-100.0,100,9116.3979
-100.0,100,9157.197452
-100.0,100,9196.985451
-100.0,100,9236.970185
-100.0,100,9276.894179
-100.0,100,9316.953268
-100.0,100,9356.793759
-100.0,100,9396.989624
-100.0,100,9436.685762
-100.0,100,9476.561834
-100.0,100,9516.501412
-100.0,100,9556.241335
-100.0,100,9596.182095
-100.0,100,9636.125079
-100.0,100,9676.018223
-100.0,100,9716.346287
-100.0,100,9756.842134
-100.0,100,9796.665981
-100.0,100,9836.449818
-100.0,100,9876.425337
-100.0,100,9916.482289
-100.0,100,9956.621791
-100.0,100,9996.725983
-100.0,100,10036.769809
-100.0,100,10077.641516
-100.0,100,10118.585372
-100.0,100,10158.554133
-100.0,100,10198.813668
-100.0,100,10238.894108
-100.0,100,10279.042142
-100.0,100,10319.22223
-100.0,100,10359.081757
-100.0,100,10399.173881
-100.0,100,10439.145531
-100.0,100,10479.441898
-100.0,100,10519.53816
-100.0,100,10559.126041
-100.0,100,10599.133714
-100.0,100,10639.229586
-100.0,100,10679.142085
-100.0,100,10719.317611
-100.0,100,10759.433615
-100.0,100,10799.737693
-100.0,100,10839.54563
-100.0,100,10879.478388
-100.0,100,10919.429857
-100.0,100,10959.29056
-100.0,100,10999.073513
-100.0,100,11039.301418
-100.0,100,11079.514229
-100.0,100,11119.28567
-100.0,100,11159.102281
-100.0,100,11198.954038
-100.0,100,11239.193284
-100.0,100,11279.409966
-100.0,100,11319.401207
-100.0,100,11359.537992
-100.0,100,11399.353891
-100.0,100,11439.406188
-100.0,100,11479.381941
-100.0,100,11519.321343
-100.0,100,11559.233707
-100.0,100,11599.685229
-100.0,100,11639.169462
-100.0,100,11678.989309
-100.0,100,11719.025291
-100.0,100,11758.958198
-100.0,100,11799.278068
-100.0,100,11839.253911
-100.0,100,11879.429875
-100.0,100,11919.325612
-100.0,100,11959.281931
-100.0,100,11999.52193
-100.0,100,12039.429648
-100.0,100,12079.361766
-100.0,100,12119.205662
-100.0,100,12159.034269
-100.0,100,12198.822276
-100.0,100,12238.933763
-100.0,100,12279.301814
-100.0,100,12319.670097
-100.0,100,12359.809391
-100.0,100,12399.66949
-100.0,100,12440.082122
-100.0,100,12479.933698
-100.0,100,12519.849751
-100.0,100,12559.945968
-100.0,100,12600.186075
-100.0,100,12640.258285
-100.0,100,12680.997432
-100.0,100,12720.9141
-100.0,100,13135.597918
-100.0,100,13175.821766
-100.0,100,13215.973561
-100.0,100,13255.877312
-100.0,100,13296.197434
-100.0,100,13336.737905
-100.0,100,13376.673611
-100.0,100,13416.497531
-100.0,100,13456.718003
-100.0,100,13496.825382
-100.0,100,13536.841509
-100.0,100,13576.60988
-100.0,100,13616.618103
-100.0,100,13656.597871
-100.0,100,13696.814189
-100.0,100,13737.165231
-100.0,100,13776.813566
-100.0,100,13817.154125
-100.0,100,13856.862178
-100.0,100,13896.965514
-100.0,100,13936.890085
-100.0,100,13977.417745
-100.0,100,14017.497625
-100.0,100,14057.645563
-100.0,100,14097.609122
-100.0,100,14137.909305
-100.0,100,14178.053219
-100.0,100,14218.025384
-100.0,100,14258.073713
-100.0,100,14298.337585
-100.0,100,14338.242286
-100.0,100,14378.381288
-100.0,100,14418.689956
-100.0,100,14458.761377
-100.0,100,14498.725355
-100.0,100,14538.773804
-100.0,100,14578.554087
-100.0,100,14618.48993
-100.0,100,14658.433096
-100.0,100,14698.341764
-100.0,100,14738.349446
-100.0,100,14778.589427
-100.0,100,14818.413652
-100.0,100,14858.189122
-100.0,100,14898.145458
-100.0,100,14937.969516
-100.0,100,14978.145674
-100.0,100,15017.810311
-100.0,100,15058.066183
-100.0,100,15099.357886
-100.0,100,15139.393953
-100.0,100,15179.006206
-100.0,100,15219.154093
-100.0,100,15259.277353
-100.0,100,15299.089704
-100.0,100,15338.986343
-100.0,100,15379.225491
-100.0,100,15419.141669
-100.0,100,15459.306072
-100.0,100,15498.810028
-100.0,100,15539.10988
-100.0,100,15579.581858
-100.0,100,15619.741411
-100.0,100,15659.43354
-100.0,100,15699.701616
-100.0,100,15740.002159
-100.0,100,15780.385458
-100.0,100,15820.377988
-100.0,100,15860.733353
-100.0,100,15900.917282
-100.0,100,15941.106013
-100.0,100,15980.997476
-100.0,100,16021.185715
-100.0,100,16061.497978
-100.0,100,16101.550243
-100.0,100,16140.98961
-100.0,100,16181.493519
-100.0,100,16221.793383
-100.0,100,16261.74614
-100.0,100,16301.589934
-100.0,100,16341.853465
-100.0,100,16381.957591
-100.0,100,16422.085603
-100.0,100,16461.92229
-100.0,100,16502.093653
-100.0,100,16542.253334
-100.0,100,16582.30959
-100.0,100,16621.881278
-100.0,100,16661.754281
-100.0,100,16701.369801
-100.0,100,16741.233863
-100.0,100,16781.3054
-100.0,100,16821.286102
-100.0,100,16861.309195
-100.0,100,16900.973699
-100.0,100,16941.057727
-100.0,100,16981.22115
-100.0,100,17021.1256
-100.0,100,17061.605521
-100.0,100,17101.417873
-100.0,100,17516.597517
-100.0,100,17556.645618
-100.0,100,17596.901937
-100.0,100,17636.885371
-100.0,100,17676.913648
-100.0,100,17717.401359
-100.0,100,17757.590137
-100.0,100,17797.693666
-100.0,100,17837.482102
-100.0,100,17877.293363
-100.0,100,17917.553531
-100.0,100,17957.485224
-100.0,100,17997.945342
-100.0,100,18037.94577
-100.0,100,18077.441747
-100.0,100,18117.457899
-100.0,100,18157.625827
-100.0,100,18197.477852
-100.0,100,18237.961204
-100.0,100,18277.561299
-100.0,100,18317.64936
-100.0,100,18357.569724
-100.0,100,18397.217524
-100.0,100,18437.07416
-100.0,100,18476.841917
-100.0,100,18516.521191
-100.0,100,18556.641203
-100.0,100,18596.51744
-100.0,100,18636.645831
-100.0,100,18676.393997
-100.0,100,18716.921623
-100.0,100,18757.189782
-100.0,100,18797.509619
-100.0,100,18837.725427
-100.0,100,18878.222025
-100.0,100,18918.50604
-100.0,100,18958.741966
-100.0,100,18999.193782
-100.0,100,19039.325966
-100.0,100,19079.589978
-100.0,100,19119.774256
-100.0,100,19159.545555
-100.0,100,19199.282244
-100.0,100,19239.441769
-100.0,100,19279.334062
-100.0,100,19319.373342
-100.0,100,19359.073466
-100.0,100,19399.041945
-100.0,100,19438.502257
-100.0,100,19478.470004
-100.0,100,19518.40555
-100.0,100,19558.338243
-100.0,100,19598.337317
-100.0,100,19638.481431
-100.0,100,19678.341281
-100.0,100,19718.585244
-100.0,100,19759.106192
-100.0,100,19799.546196
-100.0,100,19839.793912
-100.0,100,19880.485125
-100.0,100,19920.845935
-100.0,100,19960.765523
-100.0,100,20000.861993
-100.0,100,20040.914075
-100.0,100,20081.002101
-100.0,100,20121.093867
-100.0,100,20161.242032
-100.0,100,20201.433688
-100.0,100,20242.305777
-100.0,100,20282.442179
-100.0,100,20322.405474
-100.0,100,20363.497266
-100.0,100,20403.133584
-100.0,100,20443.342033
-100.0,100,20483.113438
-100.0,100,20522.830168
-100.0,100,20562.965957
-100.0,100,20603.366205
-100.0,100,20644.105985
-100.0,100,20684.673928
-100.0,100,20725.502123
-100.0,100,20765.76559
-100.0,100,20805.658198
-100.0,100,20845.554308
-100.0,100,20885.437354
-100.0,100,20925.869815
-100.0,100,20966.333859
-100.0,100,21006.809494
-100.0,100,21047.270072
-100.0,100,21087.706216
-100.0,100,21127.845916
-100.0,100,21167.493782
-100.0,100,21207.569321
-100.0,100,21247.837972
-100.0,100,21288.22139
-100.0,100,21328.521429
-100.0,100,21369.073689
-100.0,100,21409.338238
-100.0,100,21449.746166
-100.0,100,21489.897216
-100.0,100,21905.84984
-100.0,100,21945.821171
-100.0,100,21985.553675
-100.0,100,22025.606126
-100.0,100,22065.37417
-100.0,100,22105.258011
-100.0,100,22145.466265
-100.0,100,22185.145644
-100.0,100,22225.194287
-100.0,100,22265.001723
-100.0,100,22304.853756
-100.0,100,22344.741987
-100.0,100,22385.165558
-100.0,100,22425.301297
-100.0,100,22465.313326
-100.0,100,22505.533886
-100.0,100,22545.261511
-100.0,100,22585.07419
-100.0,100,22625.205775
-100.0,100,22664.789941
-100.0,100,22704.949378
-100.0,100,22744.541356
-100.0,100,22784.113851
-100.0,100,22824.317481
-100.0,100,22863.922099
-100.0,100,22903.969331
-100.0,100,22944.021518
-100.0,100,22983.861898
-100.0,100,23023.722043
-100.0,100,23063.613217
-100.0,100,23103.997819
-100.0,100,23143.933496
-100.0,100,23184.033344
-100.0,100,23224.089485
-100.0,100,23263.853719
-100.0,100,23303.86923
-100.0,100,23343.601308
-100.0,100,23383.442392
-100.0,100,23423.329895
-100.0,100,23463.422135
-100.0,100,23503.425366
-100.0,100,23543.241417
-100.0,100,23582.937442
-100.0,100,23622.537864
-100.0,100,23662.097754
-100.0,100,23702.277598
-100.0,100,23742.117837
-100.0,100,23782.013225
-100.0,100,23821.777182
-100.0,100,23861.681781
-100.0,100,23901.801913
-100.0,100,23941.329439
-100.0,100,23981.48946
-100.0,100,24021.493962
-100.0,100,24061.297885
-100.0,100,24101.345247
-100.0,100,24141.59354
-100.0,100,24181.285388
-100.0,100,24221.177798
-100.0,100,24260.729692
-100.0,100,24300.985872
-100.0,100,24341.361648
-100.0,100,24380.965567
-100.0,100,24420.62162
-100.0,100,24460.506117
-100.0,100,24500.774426
-100.0,100,24541.054037
-100.0,100,24580.95758
-100.0,100,24620.534101
-100.0,100,24660.637492
-100.0,100,24700.722354
-100.0,100,24741.097787
-100.0,100,24781.15357
-100.0,100,24820.717965
-100.0,100,24861.121552
-100.0,100,24901.133728
-100.0,100,24941.057723
-100.0,100,24981.062224
-100.0,100,25020.79375
-100.0,100,25061.19804
-100.0,100,25101.405664
-100.0,100,25140.981292
-100.0,100,25180.86566
-100.0,100,25220.989705
-100.0,100,25260.714033
-100.0,100,25300.613575
-100.0,100,25340.457503
-100.0,100,25380.07343
-100.0,100,25419.881439
-100.0,100,25459.685641
-100.0,100,25500.0063
-100.0,100,25541.25347
-100.0,100,25580.62229
-100.0,100,25620.466676
-100.0,100,25660.314356
-100.0,100,25700.453859
-100.0,100,25740.297377
-100.0,100,25779.870205
-100.0,100,25819.805786
-100.0,100,25859.925817
-100.0,100,26276.241601
-100.0,100,26316.33807
-100.0,100,26356.281439
-100.0,100,26395.961414
-100.0,100,26435.821661
-100.0,100,26475.5898
-100.0,100,26515.538415
-100.0,100,26555.525971
-100.0,100,26595.509398
-100.0,100,26635.333276
-100.0,100,26675.201807
-100.0,100,26715.145487
-100.0,100,26754.949671
-100.0,100,26795.593939
-100.0,100,26835.302221
-100.0,100,26875.753349
-100.0,100,26915.44963
-100.0,100,26955.705932
-100.0,100,26996.074244
-100.0,100,27035.965328
-100.0,100,27075.738067
-100.0,100,27115.562228
-100.0,100,27155.189358
-100.0,100,27194.97725
-100.0,100,27235.069581
-100.0,100,27275.001213
-100.0,100,27314.905572
-100.0,100,27355.121358
-100.0,100,27395.021951
-100.0,100,27434.905711
-100.0,100,27474.82567
-100.0,100,27514.66945
-100.0,100,27554.193306
-100.0,100,27594.165716
-100.0,100,27634.293459
-100.0,100,27674.121571
-100.0,100,27714.165602
-100.0,100,27753.945864
-100.0,100,27793.993968
-100.0,100,27833.774087
-100.0,100,27873.990198
-100.0,100,27913.645681
-100.0,100,27953.573577
-100.0,100,27993.226165
-100.0,100,28033.285295
-100.0,100,28073.221435
-100.0,100,28113.013993
-100.0,100,28153.090405
-100.0,100,28192.881429
-100.0,100,28232.497983
-100.0,100,28272.025539
-100.0,100,28311.71387
-100.0,100,28351.418125
-100.0,100,28391.198245
-100.0,100,28430.942281
-100.0,100,28471.018308
-100.0,100,28511.190003
-100.0,100,28551.277487
-100.0,100,28591.153979
-100.0,100,28630.865653
-100.0,100,28670.917559
-100.0,100,28711.0895
-100.0,100,28751.065245
-100.0,100,28791.097378
-100.0,100,28831.113543
-100.0,100,28871.229716
-100.0,100,28911.461375
-100.0,100,28951.353299
-100.0,100,28991.473906
-100.0,100,29031.429437
-100.0,100,29071.041642
-100.0,100,29111.205481
-100.0,100,29151.433397
-100.0,100,29191.705221
-100.0,100,29231.841257
-100.0,100,29272.001911
-100.0,100,29311.95005
-100.0,100,29351.901945
-100.0,100,29391.933741
-100.0,100,29432.561842
-100.0,100,29472.753543
-100.0,100,29512.837667
-100.0,100,29552.805581
-100.0,100,29592.937992
-100.0,100,29632.905963
-100.0,100,29673.022436
-100.0,100,29712.78591
-100.0,100,29752.733561
-100.0,100,29792.701442
-100.0,100,29832.261622
-100.0,100,29872.177472
-100.0,100,29912.229521
-100.0,100,29952.682083
-100.0,100,29992.693935
-100.0,100,30032.501396
-100.0,100,30072.061306
-100.0,100,30111.717972
-100.0,100,30151.922209
-100.0,100,30191.918089
-100.0,100,30231.629246
-100.0,100,30646.897704
-100.0,100,30686.954129
-100.0,100,30727.285269
-100.0,100,30767.285375
-100.0,100,30807.458141
-100.0,100,30847.133426
-100.0,100,30887.037428
-100.0,100,30926.757339
-100.0,100,30966.429498
-100.0,100,31006.486334
-100.0,100,31046.481245
-100.0,100,31085.93416
-100.0,100,31125.650206
-100.0,100,31165.705711
-100.0,100,31205.538103
-100.0,100,31245.689887
-100.0,100,31285.697299
-100.0,100,31325.730639
-100.0,100,31365.521256
-100.0,100,31405.62974
-100.0,100,31445.646297
-100.0,100,31486.078178
-100.0,100,31526.14924
-100.0,100,31565.81397
-100.0,100,31605.897782
-100.0,100,31646.06152
-100.0,100,31686.181507
-100.0,100,31726.433619
-100.0,100,31766.469986
-100.0,100,31806.509616
-100.0,100,31846.789541
-100.0,100,31887.798154
-100.0,100,31928.429504
-100.0,100,31968.157425
-100.0,100,32008.206056
-100.0,100,32047.93409
-100.0,100,32087.693905
-100.0,100,32127.781682
-100.0,100,32167.881651
-100.0,100,32207.653539
-100.0,100,32247.981477
-100.0,100,32288.153665
-100.0,100,32327.87727
-100.0,100,32367.733261
-100.0,100,32407.577752
-100.0,100,32447.666148
-100.0,100,32487.565867
-100.0,100,32527.89022
-100.0,100,32567.453219
-100.0,100,32607.506128
-100.0,100,32647.68536
-100.0,100,32687.525394
-100.0,100,32727.58935
-100.0,100,32767.413206
-100.0,100,32807.302236
-100.0,100,32847.385378
-100.0,100,32887.409402
-100.0,100,32927.497236
-100.0,100,32967.261946
-100.0,100,33006.653673
-100.0,100,33046.694092
-100.0,100,33086.985308
-100.0,100,33126.845244
-100.0,100,33166.733532
-100.0,100,33206.474335
-100.0,100,33246.273369
-100.0,100,33286.525617
-100.0,100,33326.498452
-100.0,100,33366.305861
-100.0,100,33406.597628
-100.0,100,33446.489609
-100.0,100,33486.501538
-100.0,100,33526.221996
-100.0,100,33565.869422
-100.0,100,33605.518384
-100.0,100,33645.217764
-100.0,100,33685.309425
-100.0,100,33725.654363
-100.0,100,33765.449701
-100.0,100,33805.061241
-100.0,100,33844.947347
-100.0,100,33884.785721
-100.0,100,33924.362247
-100.0,100,33964.366239
-100.0,100,34004.1979
-100.0,100,34044.117722
-100.0,100,34083.878361
-100.0,100,34123.829806
-100.0,100,34163.697374
-100.0,100,34203.870079
-100.0,100,34244.097793
-100.0,100,34284.769894
-100.0,100,34324.789391
-100.0,100,34364.714025
-100.0,100,34405.101465
-100.0,100,34445.413977
-100.0,100,34485.365843
-100.0,100,34525.033355
-100.0,100,34564.810001
-100.0,100,34604.637514
-100.0,100,35021.422121
-100.0,100,35061.573879
-100.0,100,35101.673853
-100.0,100,35141.749681
-100.0,100,35181.577123
-100.0,100,35221.329474
-100.0,100,35261.025919
-100.0,100,35300.929226
-100.0,100,35340.837747
-100.0,100,35381.057223
-100.0,100,35421.850176
-100.0,100,35462.365577
-100.0,100,35502.405825
-100.0,100,35542.581517
-100.0,100,35582.27802
-100.0,100,35622.214059
-100.0,100,35662.222147
-100.0,100,35702.150068
-100.0,100,35742.165956
-100.0,100,35782.054204
-100.0,100,35822.018252
-100.0,100,35862.037871
-100.0,100,35902.041375
-100.0,100,35941.970167
-100.0,100,35982.465377
-100.0,100,36022.345705
-100.0,100,36062.418474
-100.0,100,36102.22141
-100.0,100,36142.106113
-100.0,100,36181.966168
-100.0,100,36221.897773
-100.0,100,36261.709804
-100.0,100,36301.690298
-100.0,100,36341.65765
-100.0,100,36381.606116
-100.0,100,36421.329729
-100.0,100,36461.261557
-100.0,100,36501.222199
-100.0,100,36540.914094
-100.0,100,36581.046077
-100.0,100,36621.097428
-100.0,100,36661.057514
-100.0,100,36700.994372
-100.0,100,36741.097541
-100.0,100,36781.106157
-100.0,100,36821.325986
-100.0,100,36861.06189
-100.0,100,36901.342032
-100.0,100,36942.281581
-100.0,100,36982.257299
-100.0,100,37022.437261
-100.0,100,37062.285393
-100.0,100,37102.114118
-100.0,100,37142.454087
-100.0,100,37182.473795
-100.0,100,37222.521837
-100.0,100,37262.793774
-100.0,100,37303.314206
-100.0,100,37343.618605
-100.0,100,37383.369337
-100.0,100,37423.341618
-100.0,100,37463.485718
-100.0,100,37503.334127
-100.0,100,37543.097273
-100.0,100,37582.901689
-100.0,100,37623.069283
-100.0,100,37662.962207
-100.0,100,37702.773448
-100.0,100,37742.893359
-100.0,100,37783.018068
-100.0,100,37823.305437
-100.0,100,37862.682255
-100.0,100,37902.617644
-100.0,100,37942.033216
-100.0,100,37981.77025
-100.0,100,38021.693393
-100.0,100,38061.630477
-100.0,100,38101.917605
-100.0,100,38141.569568
-100.0,100,38181.905283
-100.0,100,38222.273708
-100.0,100,38262.11777
-100.0,100,38302.005503
-100.0,100,38342.014046
-100.0,100,38382.145902
-100.0,100,38421.953755
-100.0,100,38462.08992
-100.0,100,38501.813456
-100.0,100,38541.834178
-100.0,100,38581.95419
-100.0,100,38622.046048
-100.0,100,38661.646156
-100.0,100,38701.617181
-100.0,100,38742.025577
-100.0,100,38781.954043
-100.0,100,38822.289141
-100.0,100,38862.185394
-100.0,100,38901.798111
-100.0,100,38941.722221
-100.0,100,38982.025238
-100.0,100,39398.061426
-100.0,100,39437.981546
-100.0,100,39477.946154
-100.0,100,39517.913736
-100.0,100,39557.605738
-100.0,100,39597.421893
-100.0,100,39637.03337
-100.0,100,39677.001263
-100.0,100,39717.010175
-100.0,100,39756.701719
-100.0,100,39796.393527
-100.0,100,39836.318096
-100.0,100,39876.157827
-100.0,100,39916.057698
-100.0,100,39956.105672
-100.0,100,39995.841654
-100.0,100,40036.141874
-100.0,100,40076.23335
-100.0,100,40115.917596
-100.0,100,40155.798335
-100.0,100,40195.758291
-100.0,100,40235.166165
-100.0,100,40274.922031
-100.0,100,40315.121538
-100.0,100,40356.129355
-100.0,100,40396.554358
-100.0,100,40436.678237
-100.0,100,40476.50958
-100.0,100,40516.90166
-100.0,100,40556.81351
-100.0,100,40596.753883
-100.0,100,40636.709945
-100.0,100,40676.862308
-100.0,100,40716.330161
-100.0,100,40756.033319
-100.0,100,40796.22942
-100.0,100,40836.181202
-100.0,100,40876.149833
-100.0,100,40916.001669
-100.0,100,40955.821399
-100.0,100,40995.741452
-100.0,100,41035.529794
-100.0,100,41075.577606
-100.0,100,41115.78566
-100.0,100,41155.737582
-100.0,100,41195.697159
-100.0,100,41235.905638
-100.0,100,41276.142031
-100.0,100,41316.857306
-100.0,100,41356.965544
-100.0,100,41396.965394
-100.0,100,41436.909455
-100.0,100,41476.854044
-100.0,100,41516.169943
-100.0,100,41556.06628
-100.0,100,41596.069339
-100.0,100,41635.749642
-100.0,100,41675.91773
-100.0,100,41715.661409
-100.0,100,41755.521897
-100.0,100,41795.429669
-100.0,100,41835.525912
-100.0,100,41875.741119
-100.0,100,41915.829661
-100.0,100,41955.985909
-100.0,100,41996.358204
-100.0,100,42036.326295
-100.0,100,42076.601316
-100.0,100,42116.405266
-100.0,100,42156.093273
-100.0,100,42196.078152
-100.0,100,42235.845857
-100.0,100,42275.654118
-100.0,100,42315.949489
-100.0,100,42355.605648
-100.0,100,42395.473828
-100.0,100,42435.125604
-100.0,100,42474.841247
-100.0,100,42514.686023
-100.0,100,42554.653403
-100.0,100,42594.341856
-100.0,100,42634.265687
-100.0,100,42674.673624
-100.0,100,42714.757243
-100.0,100,42754.53755
-100.0,100,42794.141309
-100.0,100,42834.406083
-100.0,100,42874.10142
-100.0,100,42914.465904
-100.0,100,42954.714239
-100.0,100,42994.6421
-100.0,100,43034.733581
-100.0,100,43074.50963
-100.0,100,43114.289992
-100.0,100,43154.27838
-100.0,100,43194.097311
-100.0,100,43234.257214
-100.0,100,43274.665338
-100.0,100,43314.46608
-100.0,100,43354.961333
-100.0,100,43770.938025
-100.0,100,43811.097596
-100.0,100,43851.321596
-100.0,100,43891.697559
-100.0,100,43931.857838
-100.0,100,43971.541901
-100.0,100,44011.425674
-100.0,100,44051.713822
-100.0,100,44091.717825
-100.0,100,44131.24233
-100.0,100,44171.089753
-100.0,100,44210.861163
-100.0,100,44250.613354
-100.0,100,44290.805126
-100.0,100,44330.794384
-100.0,100,44371.177722
-100.0,100,44411.182277
-100.0,100,44451.201792
-100.0,100,44491.129176
-100.0,100,44531.421942
-100.0,100,44571.401909
-100.0,100,44611.43439
-100.0,100,44651.537229
-100.0,100,44691.269398
-100.0,100,44731.317556
-100.0,100,44771.365471
-100.0,100,44811.253477
-100.0,100,44851.025366
-100.0,100,44891.193286
-100.0,100,44931.077387
-100.0,100,44970.577337
-100.0,100,45010.217517
-100.0,100,45050.249997
-100.0,100,45090.097504
-100.0,100,45130.101619
-100.0,100,45169.990337
-100.0,100,45209.841221
-100.0,100,45249.817538
-100.0,100,45290.749795
-100.0,100,45330.173908
-100.0,100,45370.474056
-100.0,100,45410.513591
-100.0,100,45450.518199
-100.0,100,45490.597761
-100.0,100,45530.601517
-100.0,100,45570.538373
-100.0,100,45610.40137
-100.0,100,45650.053661
-100.0,100,45689.629751
-100.0,100,45729.477465
-100.0,100,45769.365743
-100.0,100,45809.489244
-100.0,100,45849.850311
-100.0,100,45889.929471
-100.0,100,45929.913311
-100.0,100,45969.645712
-100.0,100,46009.861815
-100.0,100,46050.022201
-100.0,100,46090.157476
-100.0,100,46130.289953
-100.0,100,46170.497487
-100.0,100,46210.070166
-100.0,100,46249.882178
-100.0,100,46289.590204
-100.0,100,46330.101784
-100.0,100,46370.369614
-100.0,100,46410.177988
-100.0,100,46450.441485
-100.0,100,46490.466109
-100.0,100,46530.502008
-100.0,100,46570.957648
-100.0,100,46610.965127
-100.0,100,46651.225441
-100.0,100,46691.017565
-100.0,100,46731.977456
-100.0,100,46771.95733
-100.0,100,46811.705448
-100.0,100,46851.829238
-100.0,100,46891.905508
-100.0,100,46931.94988
-100.0,100,46972.017732
-100.0,100,47012.821238
-100.0,100,47053.337456
-100.0,100,47093.265745
-100.0,100,47133.60159
-100.0,100,47173.169289
-100.0,100,47212.937861
-100.0,100,47252.88211
-100.0,100,47292.969393
-100.0,100,47333.177322
-100.0,100,47373.301999
-100.0,100,47413.725569
-100.0,100,47453.605858
-100.0,100,47493.337446
-100.0,100,47533.461411
-100.0,100,47573.593246
-100.0,100,47613.71343
-100.0,100,47653.801705
-100.0,100,47694.445805
-100.0,100,47734.617744
-100.0,100,48150.269929
-100.0,100,48190.521988
-100.0,100,48230.285522
-100.0,100,48270.054496
-100.0,100,48309.785419
-100.0,100,48350.005355
-100.0,100,48389.585656
-100.0,100,48429.521677
-100.0,100,48469.206146
-100.0,100,48509.325359
-100.0,100,48549.298307
-100.0,100,48589.225488
-100.0,100,48629.198104
-100.0,100,48669.041337
-100.0,100,48709.134054
-100.0,100,48749.705565
-100.0,100,48789.67717
-100.0,100,48830.130279
-100.0,100,48870.145593
-100.0,100,48910.22949
-100.0,100,48950.101754
-100.0,100,48990.145964
-100.0,100,49030.370129
-100.0,100,49070.313757
-100.0,100,49110.09795
-100.0,100,49150.277942
-100.0,100,49190.35818
-100.0,100,49230.269284
-100.0,100,49270.361809
-100.0,100,49310.685328
-100.0,100,49350.850088
-100.0,100,49390.93315
-100.0,100,49431.194245
-100.0,100,49471.149888
-100.0,100,49511.181386
-100.0,100,49550.757586
-100.0,100,49590.749412
-100.0,100,49630.853244
-100.0,100,49670.753843
-100.0,100,49710.717659
-100.0,100,49750.641829
-100.0,100,49790.881734
-100.0,100,49831.242068
-100.0,100,49871.253328
-100.0,100,49911.673559
-100.0,100,49951.805404
-100.0,100,49992.049468
-100.0,100,50031.893896
-100.0,100,50072.114202
-100.0,100,50112.157582
-100.0,100,50152.001585
-100.0,100,50191.741175
-100.0,100,50233.053367
-100.0,100,50273.465599
-100.0,100,50313.033727
-100.0,100,50352.961391
-100.0,100,50393.165991
-100.0,100,50433.209543
-100.0,100,50473.029385
-100.0,100,50512.953548
-100.0,100,50553.249787
-100.0,100,50593.273742
-100.0,100,50633.345537
-100.0,100,50673.473308
-100.0,100,50713.51832
-100.0,100,50753.621212
-100.0,100,50793.757967
-100.0,100,50833.846065
-100.0,100,50874.189568
-100.0,100,50914.153438
-100.0,100,50954.24569
-100.0,100,50994.450388
-100.0,100,51034.469848
-100.0,100,51074.393317
-100.0,100,51114.465519
-100.0,100,51154.361599
-100.0,100,51194.533945
-100.0,100,51234.481894
-100.0,100,51274.689896
-100.0,100,51314.741481
-100.0,100,51354.701313
-100.0,100,51394.882262
-100.0,100,51434.574062
-100.0,100,51474.658184
-100.0,100,51514.585698
-100.0,100,51554.570299
-100.0,100,51594.621526
-100.0,100,51634.685624
-100.0,100,51674.605787
-100.0,100,51714.665419
-100.0,100,51754.545856
-100.0,100,51794.958217
-100.0,100,51834.962261
-100.0,100,51874.965803
-100.0,100,51915.166221
-100.0,100,51955.413372
-100.0,100,51995.541632
-100.0,100,52035.397639
-100.0,100,52076.109504
-100.0,100,52116.297669
-100.0,100,52531.853549
-100.0,100,52572.137735
-100.0,100,52612.30518
-100.0,100,52651.909482
-100.0,100,52691.998029
-100.0,100,52732.094059
-100.0,100,52772.401437
-100.0,100,52812.645843
-100.0,100,52852.90566
-100.0,100,52892.881156
-100.0,100,52933.137267
-100.0,100,52973.117681
-100.0,100,53013.206221
-100.0,100,53053.465827
-100.0,100,53093.901445
-100.0,100,53133.885502
-100.0,100,53173.934327
-100.0,100,53214.065762
-100.0,100,53253.745459
-100.0,100,53293.718188
-100.0,100,53333.926002
-100.0,100,53374.070088
-100.0,100,53414.185433
-100.0,100,53454.021502
-100.0,100,53493.697581
-100.0,100,53534.146102
-100.0,100,53573.770058
-100.0,100,53613.273538
-100.0,100,53652.993709
-100.0,100,53692.949929
-100.0,100,53733.269462
-100.0,100,53773.053845
-100.0,100,53813.070168
-100.0,100,53853.469448
-100.0,100,53893.521633
-100.0,100,53933.498232
-100.0,100,53973.38574
-100.0,100,54013.405889
-100.0,100,54053.458357
-100.0,100,54093.461542
-100.0,100,54133.213451
-100.0,100,54173.137929
-100.0,100,54212.870104
-100.0,100,54253.39338
-100.0,100,54293.073413
-100.0,100,54332.473413
-100.0,100,54372.357962
-100.0,100,54412.345582
-100.0,100,54452.409819
-100.0,100,54492.377248
-100.0,100,54532.621909
-100.0,100,54572.593169
-100.0,100,54612.521347
-100.0,100,54652.653162
-100.0,100,54692.865784
-100.0,100,54732.48136
-100.0,100,54772.621881
-100.0,100,54812.825614
-100.0,100,54852.641289
-100.0,100,54892.641765
-100.0,100,54932.149928
-100.0,100,54972.417777
-100.0,100,55012.837709
-100.0,100,55053.029654
-100.0,100,55092.893994
-100.0,100,55133.898111
-100.0,100,55174.84571
-100.0,100,55215.045115
-100.0,100,55254.865542
-100.0,100,55295.041631
-100.0,100,55335.146159
-100.0,100,55375.433635
-100.0,100,55415.397408
-100.0,100,55455.425297
-100.0,100,55495.561484
-100.0,100,55535.385465
-100.0,100,55575.91016
-100.0,100,55616.453391
-100.0,100,55656.465171
-100.0,100,55696.281622
-100.0,100,55736.441871
-100.0,100,55776.33348
-100.0,100,55816.518243
-100.0,100,55856.489322
-100.0,100,55896.109646
-100.0,100,55936.213563
-100.0,100,55976.253791
-100.0,100,56016.234318
-100.0,100,56056.105306
-100.0,100,56096.181458
-100.0,100,56136.105834
-100.0,100,56175.990148
-100.0,100,56216.445246
-100.0,100,56256.410137
-100.0,100,56296.721859
-100.0,100,56336.922138
-100.0,100,56376.645116
-100.0,100,56416.790087
-100.0,100,56456.985907
-100.0,100,56497.141851
-100.0,100,56913.530226
-100.0,100,56953.641403
-100.0,100,56993.613812
-100.0,100,57033.693848
-100.0,100,57073.645779
-100.0,100,57114.306106
-100.0,100,57154.738328
-100.0,100,57194.794118
-100.0,100,57234.714077
-100.0,100,57274.837695
-100.0,100,57314.721997
-100.0,100,57354.325653
-100.0,100,57394.302227
-100.0,100,57434.433763
-100.0,100,57474.60228
-100.0,100,57514.729734
-100.0,100,57554.981836
-100.0,100,57594.929474
-100.0,100,57634.497158
-100.0,100,57674.121173
-100.0,100,57714.126348
-100.0,100,57753.990249
-100.0,100,57793.858196
-100.0,100,57833.613826
-100.0,100,57873.48169
-100.0,100,57913.241459
-100.0,100,57953.34178
-100.0,100,57993.057515
-100.0,100,58033.241706
-100.0,100,58073.097799
-100.0,100,58113.146224
-100.0,100,58153.438146
-100.0,100,58193.805274
-100.0,100,58233.965472
-100.0,100,58273.765376
-100.0,100,58313.790012
-100.0,100,58354.14116
-100.0,100,58394.325287
-100.0,100,58434.489738
-100.0,100,58474.465446
-100.0,100,58514.69413
-100.0,100,58554.649752
-100.0,100,58594.63807
-100.0,100,58634.681908
-100.0,100,58674.666037
-100.0,100,58714.746208
-100.0,100,58754.409287
-100.0,100,58794.322193
-100.0,100,58834.529153
-100.0,100,58874.757981
-100.0,100,58914.877558
-100.0,100,58955.073324
-100.0,100,58995.049556
-100.0,100,59035.11813
-100.0,100,59074.826277
-100.0,100,59115.366192
-100.0,100,59155.653372
-100.0,100,59195.357434
-100.0,100,59235.538029
-100.0,100,59275.757348
-100.0,100,59315.65434
-100.0,100,59355.82549
-100.0,100,59395.401741
-100.0,100,59435.489901
-100.0,100,59475.290117
-100.0,100,59515.541836
-100.0,100,59555.646154
-100.0,100,59595.661492
-100.0,100,59635.790197
-100.0,100,59675.841612
-100.0,100,59715.778271
-100.0,100,59756.154188
-100.0,100,59796.169816
-100.0,100,59836.133446
-100.0,100,59875.62521
-100.0,100,59915.55426
-100.0,100,59955.997361
-100.0,100,59996.289646
-100.0,100,60035.749381
-100.0,100,60077.121432
-100.0,100,60118.233279
-100.0,100,60157.957307
-100.0,100,60198.130083
-100.0,100,60238.41432
-100.0,100,60278.217681
-100.0,100,60318.509694
-100.0,100,60358.525832
-100.0,100,60398.566022
-100.0,100,60438.53811
-100.0,100,60478.297835
-100.0,100,60518.145926
-100.0,100,60558.14967
-100.0,100,60597.806157
-100.0,100,60637.974057
-100.0,100,60678.181498
-100.0,100,60718.189382
-100.0,100,60758.285685
-100.0,100,60798.45317
-100.0,100,60838.541565
-100.0,100,60878.377132
-100.0,100,61293.570152
-100.0,100,61333.385913
-100.0,100,61373.309462
-100.0,100,61412.925766
-100.0,100,61453.409549
-100.0,100,61493.541617
-100.0,100,61533.633885
-100.0,100,61573.6374
-100.0,100,61613.517855
-100.0,100,61653.521878
-100.0,100,61693.686105
-100.0,100,61734.057891
-100.0,100,61774.021672
-100.0,100,61813.681969
-100.0,100,61853.569901
-100.0,100,61893.53819
-100.0,100,61933.522072
-100.0,100,61973.462358
-100.0,100,62013.630039
-100.0,100,62054.073622
-100.0,100,62093.789928
-100.0,100,62134.57021
-100.0,100,62175.161696
-100.0,100,62214.861336
-100.0,100,62255.062175
-100.0,100,62294.997759
-100.0,100,62334.825149
-100.0,100,62374.553716
-100.0,100,62414.74155
-100.0,100,62454.997583
-100.0,100,62495.270124
-100.0,100,62535.213624
-100.0,100,62575.405701
-100.0,100,62615.917658
-100.0,100,62655.969427
-100.0,100,62695.757442
-100.0,100,62735.590042
-100.0,100,62775.681436
-100.0,100,62815.233241
-100.0,100,62855.225422
-100.0,100,62895.005655
-100.0,100,62934.88118
-100.0,100,62974.806181
-100.0,100,63014.545787
-100.0,100,63054.289937
-100.0,100,63094.334091
-100.0,100,63134.158323
-100.0,100,63174.174229
-100.0,100,63214.350085
-100.0,100,63253.890369
-100.0,100,63293.977375
-100.0,100,63333.857733
-100.0,100,63373.781714
-100.0,100,63413.553435
-100.0,100,63453.277493
-100.0,100,63493.565603
-100.0,100,63534.293659
-100.0,100,63574.425585
-100.0,100,63614.081572
-100.0,100,63653.978079
-100.0,100,63693.906124
-100.0,100,63733.713714
-100.0,100,63773.43357
-100.0,100,63813.049215
-100.0,100,63853.090157
-100.0,100,63892.777552
-100.0,100,63933.025752
-100.0,100,63973.273625
-100.0,100,64013.357732
-100.0,100,64053.605256
-100.0,100,64093.489587
-100.0,100,64133.541449
-100.0,100,64173.673805
-100.0,100,64213.557607
-100.0,100,64253.33399
-100.0,100,64293.385135
-100.0,100,64333.79806
-100.0,100,64373.757231
-100.0,100,64414.033929
-100.0,100,64454.002136
-100.0,100,64493.921702
-100.0,100,64533.837872
-100.0,100,64574.125527
-100.0,100,64613.901762
-100.0,100,64653.461103
-100.0,100,64693.389443
-100.0,100,64733.198388
-100.0,100,64772.957379
-100.0,100,64812.686327
-100.0,100,64852.902078
-100.0,100,64892.469164
-100.0,100,64932.630203
-100.0,100,64972.625958
-100.0,100,65013.945366
-100.0,100,65054.594068
-100.0,100,65094.397671
-100.0,100,65134.345645
-100.0,100,65174.546016
-100.0,100,65214.230188
-100.0,100,65254.477274
-100.0,100,65669.853436
-100.0,100,65709.54157
-100.0,100,65749.478372
-100.0,100,65789.209857
-100.0,100,65829.333695
-100.0,100,65869.470193
-100.0,100,65909.318112
-100.0,100,65949.158031
-100.0,100,65989.178058
-100.0,100,66028.865685
-100.0,100,66069.20204
-100.0,100,66109.32975
-100.0,100,66149.177428
-100.0,100,66189.269771
-100.0,100,66228.957157
-100.0,100,66268.722133
-100.0,100,66308.68147
-100.0,100,66348.090301
-100.0,100,66388.181647
-100.0,100,66428.381946
-100.0,100,66468.505377
-100.0,100,66507.877674
-100.0,100,66548.245642
-100.0,100,66587.858079
-100.0,100,66627.813188
-100.0,100,66667.765544
-100.0,100,66707.749178
-100.0,100,66748.189415
-100.0,100,66787.937518
-100.0,100,66828.133481
-100.0,100,66868.297316
-100.0,100,66908.181734
-100.0,100,66948.313556
-100.0,100,66988.19821
-100.0,100,67028.174029
-100.0,100,67068.277364
-100.0,100,67107.905809
-100.0,100,67147.785442
-100.0,100,67188.401418
-100.0,100,67228.477459
-100.0,100,67268.84571
-100.0,100,67308.906349
-100.0,100,67349.441712
-100.0,100,67389.28932
-100.0,100,67429.493414
-100.0,100,67469.465312
-100.0,100,67509.445604
-100.0,100,67549.117435
-100.0,100,67589.161897
-100.0,100,67629.633563
-100.0,100,67669.565774
-100.0,100,67709.521598
-100.0,100,67749.285485
-100.0,100,67789.258062
-100.0,100,67829.626101
-100.0,100,67869.821913
-100.0,100,67910.250112
-100.0,100,67950.134304
-100.0,100,67990.261712
-100.0,100,68030.277521
-100.0,100,68070.333658
-100.0,100,68110.109738
-100.0,100,68150.149386
-100.0,100,68190.07761
-100.0,100,68230.437692
-100.0,100,68270.541476
-100.0,100,68310.41721
-100.0,100,68350.60534
-100.0,100,68390.50623
-100.0,100,68430.645494
-100.0,100,68470.873929
-100.0,100,68511.145197
-100.0,100,68551.08922
-100.0,100,68591.298199
-100.0,100,68631.026031
-100.0,100,68671.173795
-100.0,100,68711.185577
-100.0,100,68750.877426
-100.0,100,68790.650054
-100.0,100,68830.765409
-100.0,100,68871.217776
-100.0,100,68911.350647
-100.0,100,68951.44564
-100.0,100,68991.426157
-100.0,100,69031.493542
-100.0,100,69071.550129
-100.0,100,69111.378019
-100.0,100,69151.186363
-100.0,100,69191.249985
-100.0,100,69231.145197
-100.0,100,69271.093329
-100.0,100,69311.061538
-100.0,100,69350.949906
-100.0,100,69391.15727
-100.0,100,69431.681498
-100.0,100,69471.849358
-100.0,100,69511.75755
-100.0,100,69551.59797
-100.0,100,69591.613237
-100.0,100,69631.505921
-100.0,100,70047.405311
-100.0,100,70087.294188
-100.0,100,70127.377486
-100.0,100,70167.261907
-100.0,100,70207.473719
-100.0,100,70247.318345
-100.0,100,70286.885302
-100.0,100,70327.229258
-100.0,100,70367.134241
-100.0,100,70407.137863
-100.0,100,70447.362136
-100.0,100,70486.993784
-100.0,100,70527.269766
-100.0,100,70567.334137
-100.0,100,70607.694125
-100.0,100,70647.938098
-100.0,100,70687.825546
-100.0,100,70727.682128
-100.0,100,70767.573788
-100.0,100,70807.434196
-100.0,100,70846.998387
-100.0,100,70886.810058
-100.0,100,70927.15833
-100.0,100,70967.137736
-100.0,100,71007.362145
-100.0,100,71047.521852
-100.0,100,71087.673254
-100.0,100,71127.654262
-100.0,100,71167.617883
-100.0,100,71207.541315
-100.0,100,71247.354054
-100.0,100,71287.870062
-100.0,100,71327.749493
-100.0,100,71368.238041
-100.0,100,71408.037435
-100.0,100,71448.153446
-100.0,100,71488.093669
-100.0,100,71527.585591
-100.0,100,71567.574056
-100.0,100,71607.478102
-100.0,100,71647.21413
-100.0,100,71686.906128
-100.0,100,71726.725178
-100.0,100,71767.005965
-100.0,100,71806.729872
-100.0,100,71846.534007
-100.0,100,71886.709778
-100.0,100,71926.845422
-100.0,100,71966.777832
-100.0,100,72006.549551
-100.0,100,72046.674124
-100.0,100,72086.766234
-100.0,100,72126.449322
-100.0,100,72166.433489
-100.0,100,72206.214165
-100.0,100,72246.826062
-100.0,100,72286.793515
-100.0,100,72326.761887
-100.0,100,72366.56196
-100.0,100,72406.921606
-100.0,100,72447.014031
-100.0,100,72487.133806
-100.0,100,72527.377957
-100.0,100,72567.390133
-100.0,100,72607.549477
-100.0,100,72647.397319
-100.0,100,72686.881385
-100.0,100,72727.33731
-100.0,100,72767.273875
-100.0,100,72807.441488
-100.0,100,72847.48581
-100.0,100,72888.454161
-100.0,100,72928.605679
-100.0,100,72968.606322
-100.0,100,73008.733779
-100.0,100,73048.513376
-100.0,100,73088.385548
-100.0,100,73128.66163
-100.0,100,73168.477293
-100.0,100,73208.841807
-100.0,100,73249.009482
-100.0,100,73289.025444
-100.0,100,73329.114156
-100.0,100,73369.321508
-100.0,100,73409.101238
-100.0,100,73449.289354
-100.0,100,73489.325695
-100.0,100,73529.313414
-100.0,100,73569.345118
-100.0,100,73609.249791
-100.0,100,73649.417875
-100.0,100,73689.721273
-100.0,100,73729.801575
-100.0,100,73769.393404
-100.0,100,73809.253278
-100.0,100,73849.08975
-100.0,100,73889.141147
-100.0,100,73929.32935
-100.0,100,73969.621811
-100.0,100,74009.442037
-100.0,100,74425.093723
-100.0,100,74465.529884
-100.0,100,74505.805954
-100.0,100,74546.021407
-100.0,100,74586.065909
-100.0,100,74626.194188
-100.0,100,74665.761367
-100.0,100,74706.081858
-100.0,100,74746.133326
-100.0,100,74785.793738
-100.0,100,74825.317316
-100.0,100,74865.490424
-100.0,100,74906.673496
-100.0,100,74946.221356
-100.0,100,74986.341839
-100.0,100,75026.713793
-100.0,100,75067.005589
-100.0,100,75107.126099
-100.0,100,75147.534126
-100.0,100,75187.697682
-100.0,100,75228.03382
-100.0,100,75267.905951
-100.0,100,75307.725159
-100.0,100,75348.145613
-100.0,100,75388.194045
-100.0,100,75428.189977
-100.0,100,75467.981848
-100.0,100,75508.190299
-100.0,100,75548.077774
-100.0,100,75587.945639
-100.0,100,75627.773957
-100.0,100,75668.18183
-100.0,100,75707.990161
-100.0,100,75747.717408
-100.0,100,75787.609792
-100.0,100,75827.569294
-100.0,100,75867.434346
-100.0,100,75907.682054
-100.0,100,75947.993975
-100.0,100,75988.061381
-100.0,100,76027.945491
-100.0,100,76068.249256
-100.0,100,76108.337159
-100.0,100,76148.625615
-100.0,100,76188.834035
-100.0,100,76229.002124
-100.0,100,76268.80551
-100.0,100,76308.617251
-100.0,100,76349.305449
-100.0,100,76389.43393
-100.0,100,76429.281632
-100.0,100,76469.461266
-100.0,100,76509.362284
-100.0,100,76549.429411
-100.0,100,76589.394103
-100.0,100,76629.269711
-100.0,100,76669.05726
-100.0,100,76708.921352
-100.0,100,76749.314315
-100.0,100,76789.481219
-100.0,100,76829.442064
-100.0,100,76869.437346
-100.0,100,76909.193326
-100.0,100,76949.26611
-100.0,100,76989.210159
-100.0,100,77029.013279
-100.0,100,77069.09337
-100.0,100,77109.001838
-100.0,100,77149.253582
-100.0,100,77189.245367
-100.0,100,77229.025599
-100.0,100,77269.665654
-100.0,100,77309.553255
-100.0,100,77349.162172
-100.0,100,77389.242118
-100.0,100,77429.613377
-100.0,100,77469.518026
-100.0,100,77509.226158
-100.0,100,77549.141224
-100.0,100,77589.021765
-100.0,100,77629.06208
-100.0,100,77669.002094
-100.0,100,77709.058033
-100.0,100,77749.289679
-100.0,100,77789.385616
-100.0,100,77829.382019
-100.0,100,77869.417914
-100.0,100,77909.741697
-100.0,100,77949.661836
-100.0,100,77989.557853
-100.0,100,78029.43038
-100.0,100,78070.058356
-100.0,100,78110.121366
-100.0,100,78150.529481
-100.0,100,78190.71826
-100.0,100,78230.501451
-100.0,100,78270.625347
-100.0,100,78310.58552
-100.0,100,78350.933788
-100.0,100,78391.189609
-100.0,100,78807.273351
-100.0,100,78847.32181
-100.0,100,78887.241799
-100.0,100,78927.182083
-100.0,100,78967.465655
-100.0,100,79007.761633
-100.0,100,79047.341866
-100.0,100,79088.065643
-100.0,100,79128.033302
-100.0,100,79167.681488
-100.0,100,79207.417957
-100.0,100,79247.385526
-100.0,100,79287.673958
-100.0,100,79327.873591
-100.0,100,79367.60529
-100.0,100,79407.290112
-100.0,100,79447.50113
-100.0,100,79487.233625
-100.0,100,79527.24556
-100.0,100,79567.165471
-100.0,100,79607.457421
-100.0,100,79647.305756
-100.0,100,79687.553502
-100.0,100,79727.177393
-100.0,100,79767.533298
-100.0,100,79808.005424
-100.0,100,79848.473695
-100.0,100,79889.006052
-100.0,100,79929.281687
-100.0,100,79970.038221
-100.0,100,80011.041579
-100.0,100,80051.242271
-100.0,100,80091.201318
-100.0,100,80131.410264
-100.0,100,80171.829615
-100.0,100,80212.161592
-100.0,100,80252.114263
-100.0,100,80292.34589
-100.0,100,80332.605728
-100.0,100,80373.037981
-100.0,100,80413.021343
-100.0,100,80453.069466
-100.0,100,80493.277709
-100.0,100,80532.726135
-100.0,100,80573.12222
-100.0,100,80613.194066
-100.0,100,80653.16218
-100.0,100,80693.161852
-100.0,100,80732.961275
-100.0,100,80773.021674
-100.0,100,80813.010333
-100.0,100,80852.982123
-100.0,100,80893.026241
-100.0,100,80933.226025
-100.0,100,80972.674269
-100.0,100,81012.765932
-100.0,100,81052.701248
-100.0,100,81092.297686
-100.0,100,81132.31759
-100.0,100,81171.969468
-100.0,100,81211.893356
-100.0,100,81252.225918
-100.0,100,81292.153514
-100.0,100,81332.165852
-100.0,100,81372.21362
-100.0,100,81412.141333
-100.0,100,81451.601552
-100.0,100,81491.653198
-100.0,100,81531.398088
-100.0,100,81570.997625
-100.0,100,81610.682189
-100.0,100,81651.493774
-100.0,100,81691.674166
-100.0,100,81731.80577
-100.0,100,81772.149615
-100.0,100,81812.293977
-100.0,100,81851.99727
-100.0,100,81892.389938
-100.0,100,81932.517418
-100.0,100,81972.246223
-100.0,100,82012.262189
-100.0,100,82052.261621
-100.0,100,82092.38973
-100.0,100,82132.038073
-100.0,100,82172.197439
-100.0,100,82212.625669
-100.0,100,82252.809853
-100.0,100,82293.529154
-100.0,100,82333.70602
-100.0,100,82373.726114
-100.0,100,82413.873332
-100.0,100,82453.553418
-100.0,100,82493.570363
-100.0,100,82533.777376
