#{"t_start": 1613758289.470552, "env_id": "dVRLPickRail-v0"}
r,l,t
-145.123429,100,9.131065
-260.229522,100,11.334429
-128.224723,100,13.528635
-174.256413,100,15.739786
-208.151866,100,17.94414
-146.367395,100,20.141444
-199.426957,100,22.366283
-155.091755,100,24.568458
-182.169161,100,26.77327
-155.960058,100,28.982625
-156.216879,100,31.227952
-150.657036,100,35.430175
-116.085224,100,39.696539
-77.689046,100,43.951421
-71.750912,100,48.054397
-58.329177,100,52.209588
-57.293405,100,56.362803
-118.343245,100,60.820143
-81.294841,100,65.475701
-59.66805,100,69.960067
-50.176635,100,75.155269
-40.424218,100,80.633964
-47.962446,100,86.552653
-59.903045,100,92.700272
-73.08734,100,98.568036
-73.214865,100,104.567469
-72.17535,100,110.323957
-71.872299,100,116.635407
-74.748626,100,122.331376
-95.692305,100,128.225343
-80.588916,100,133.932289
-88.460468,100,139.577002
-88.312858,100,145.233087
-89.690236,100,151.049512
-87.96802,100,156.691193
-96.811274,100,162.3424
-74.714497,100,167.930651
-103.844822,100,173.595039
-110.170574,100,179.168034
-114.612978,100,184.801695
-114.049707,100,190.348852
-102.976743,100,195.553449
-178.078561,100,200.586914
-183.05268,100,205.633921
-66.165878,100,210.724861
-68.876882,100,215.789848
-64.086036,100,220.729893
-96.309393,100,225.846055
-62.082355,100,230.860873
-64.125227,100,235.942097
-63.082732,100,241.200387
-62.558132,100,246.565377
-108.825511,100,251.74838
-74.879231,100,256.775801
-95.986678,100,261.865733
-98.896987,100,266.879476
-81.181596,100,271.946842
-106.539993,100,276.980713
-106.540193,100,282.095793
-58.016176,100,287.323121
-47.600302,100,292.300961
-60.138062,100,297.586803
-71.433097,100,302.728683
-70.850571,100,307.716081
-39.070647,100,312.791296
-75.236757,100,317.906663
-69.406096,100,323.521822
-37.974927,100,328.49539
-54.212762,100,333.500303
-55.279852,100,338.506174
-54.856961,100,343.701224
-62.708158,100,348.758034
-38.443313,100,353.883491
-61.768692,100,358.938069
-60.817125,100,363.929056
-56.265968,100,369.024998
-73.857145,100,374.091794
-67.150456,100,379.146452
-89.646305,100,384.414937
-51.554209,100,389.463989
-77.271359,100,394.460198
-97.75115,100,399.548323
-84.094556,100,404.749262
-108.159787,100,409.929538
-84.579616,100,415.044462
-44.203644,100,420.024489
-54.440479,100,425.002062
-59.333332,100,430.107682
-47.20156,100,435.152081
-70.149713,100,440.187318
-45.590009,100,445.292757
-58.633196,100,450.304406
-73.745294,100,455.111749
-78.602827,100,460.03027
-82.108198,100,464.878646
-71.026764,100,470.04429
-129.607918,100,475.171229
-56.450881,100,479.953364
-90.195851,100,484.906348
-90.441616,100,489.831696
-45.33579,100,523.346518
-45.156521,100,528.37629
-85.972489,100,533.251863
-44.530525,100,538.079729
-54.726117,100,542.816153
-62.686335,100,547.579503
-54.94981,100,552.374763
-44.929855,100,557.233461
-71.190201,100,562.004864
-59.683415,100,566.683289
-45.990565,100,571.502912
-52.302245,100,576.258734
-68.228638,100,580.999796
-51.20548,100,585.774846
-210.058902,100,590.481356
-49.092818,100,595.331561
-50.824303,100,600.035304
-176.367204,100,604.839547
-59.671552,100,609.572055
-280.953954,100,614.639694
-60.536528,100,619.361642
-58.665435,100,624.163069
-61.311251,100,628.969512
-64.864076,100,633.811268
-71.221372,100,638.642084
-63.180957,100,643.497629
-48.492279,100,648.395254
-46.45516,100,653.183913
-103.761947,100,657.833946
-66.457075,100,662.742032
-69.582518,100,667.739727
-89.3065,100,672.487389
-89.647806,100,677.221984
-95.68253,100,682.071728
-76.54085,100,686.826701
-85.696634,100,691.47954
-94.654511,100,696.416341
-54.395195,100,701.366923
-65.810318,100,706.108983
-76.885777,100,710.977803
-98.348067,100,715.815165
-78.096059,100,720.549081
-49.45587,100,725.447842
-92.718072,100,730.21936
-65.483448,100,735.059147
-34.671089,100,739.857262
-102.882317,100,744.749203
-72.55884,100,749.457447
-93.724619,100,754.310955
-37.053423,100,759.115056
-32.01386,100,763.917753
-562.236039,100,768.71858
-29.292257,100,773.58465
-31.887397,100,778.334709
-36.359511,100,783.2361
-30.695524,100,788.191939
-35.037442,100,793.116115
-34.589872,100,797.951825
-90.752515,100,802.801306
-37.992251,100,807.603688
-34.418934,100,812.477657
-36.103639,100,817.334379
-36.116999,100,822.17163
-34.699298,100,826.982954
-44.614378,100,831.73788
-40.111755,100,836.46032
-36.562479,100,841.359242
-39.820185,100,846.239625
-34.601186,100,851.013352
-35.224501,100,855.913103
-37.144545,100,860.795016
-90.341817,100,865.586783
-32.485185,100,870.441745
-83.557483,100,875.19222
-40.969784,100,880.083224
-28.373019,100,884.910947
-33.096303,100,889.764855
-28.073735,100,894.485871
-69.916975,100,899.367692
-30.605151,100,904.204126
-34.435863,100,909.062626
-29.613531,100,913.862653
-76.712296,100,918.709085
-92.831419,100,923.579222
-96.82469,100,928.348343
-82.857751,100,933.136802
-33.554141,100,937.989406
-58.732792,100,942.872404
-33.253519,100,947.870966
-35.839196,100,952.613356
-28.387875,100,957.569101
-29.204,100,962.349324
-99.989442,100,967.146037
-33.094822,100,972.054703
-34.675552,100,976.856201
-38.227405,100,981.621173
-29.890273,100,986.51463
-34.000475,100,991.254967
-35.072126,100,996.183127
-39.238611,100,1001.066504
-661.310866,100,1028.940931
-37.289048,100,1033.793481
-43.379456,100,1038.580603
-35.946122,100,1043.375137
-37.289927,100,1048.162109
-38.730613,100,1052.979352
-650.575812,100,1057.739249
-49.550284,100,1062.640986
-40.840819,100,1067.54749
-39.273055,100,1072.41375
-36.208186,100,1077.252181
-34.544212,100,1082.042366
-81.296211,100,1087.075367
-40.055463,100,1091.823422
-51.281026,100,1096.777078
-58.827824,100,1101.882405
-65.418718,100,1106.901518
-93.40085,100,1111.702899
-67.480296,100,1116.566118
-103.92549,100,1121.351679
-136.63826,100,1126.185344
-162.083162,100,1130.972653
-504.065369,100,1135.980895
-340.70585,100,1140.878608
-147.110661,100,1145.792587
-166.296935,100,1150.688178
-179.661456,100,1155.521026
-178.948105,100,1160.320436
-159.05884,100,1165.104368
-172.29273,100,1170.046382
-162.312093,100,1174.846192
-160.512959,100,1179.543227
-166.118081,100,1184.273108
-171.306259,100,1189.115647
-138.054705,100,1193.892716
-144.297487,100,1198.669709
-130.344974,100,1203.466329
-138.162339,100,1208.232181
-136.28997,100,1213.069539
-134.583519,100,1217.790329
-146.574125,100,1222.632854
-158.124975,100,1228.104414
-126.959328,100,1232.778159
-46.914099,100,1237.684415
-45.155067,100,1242.992395
-47.391076,100,1249.106167
-51.555674,100,1256.850973
-59.303732,100,1264.338366
-55.532517,100,1271.717281
-57.427177,100,1278.213739
-56.716261,100,1284.835471
-49.617478,100,1291.062509
-50.658195,100,1297.280909
-48.5326,100,1303.540739
-53.416533,100,1309.717947
-54.355232,100,1315.703605
-56.391894,100,1321.596132
-58.021632,100,1327.692311
-112.458997,100,1333.436132
-54.985424,100,1339.205712
-55.261868,100,1344.982381
-54.673692,100,1350.509751
-54.73533,100,1356.25316
-46.227087,100,1361.536613
-40.950885,100,1366.715855
-38.909157,100,1372.036563
-32.821736,100,1377.22337
-37.589043,100,1382.269701
-35.979381,100,1387.531009
-36.909712,100,1392.564377
-38.811964,100,1397.414823
-39.347166,100,1402.271073
-40.381378,100,1407.146536
-37.377218,100,1411.860038
-36.428421,100,1416.674919
-37.17224,100,1421.483583
-36.675099,100,1426.244605
-38.071397,100,1431.093154
-34.882638,100,1436.054347
-35.926336,100,1440.868243
-36.576463,100,1445.789495
-34.224346,100,1450.664409
-601.519766,100,1455.620632
-483.074683,100,1460.765595
-44.810188,100,1465.6581
-458.169532,100,1470.689007
-44.746886,100,1475.650233
-44.547112,100,1480.446186
-42.646681,100,1485.204976
-43.017953,100,1490.068183
-576.138951,100,1495.156253
-37.345303,100,1500.048107
-40.356526,100,1504.931786
-39.531909,100,1509.745321
-40.041063,100,1514.649967
-48.64451,100,1519.390789
-47.274332,100,1524.315022
-51.323957,100,1529.103888
-54.512755,100,1533.9116
-46.378632,100,1538.787714
-91.957792,100,1566.794225
-87.538664,100,1571.547571
-52.794999,100,1576.338606
-45.613107,100,1581.008312
-46.163748,100,1585.843184
-43.70963,100,1590.788369
-35.411775,100,1595.527298
-55.946806,100,1600.370942
-58.598177,100,1605.155934
-37.399755,100,1610.012106
-221.643646,100,1614.951667
-63.26905,100,1619.809634
-44.210197,100,1624.751267
-48.407191,100,1629.547771
-41.492145,100,1634.508552
-37.392092,100,1639.343399
-41.389297,100,1644.216752
-36.133504,100,1648.964736
-439.043811,100,1653.763972
-794.013548,100,1658.630387
-50.743483,100,1663.5501
-50.961859,100,1668.409817
-49.172821,100,1673.267404
-46.398476,100,1678.221941
-50.975204,100,1683.104545
-89.615907,100,1687.86964
-89.193948,100,1692.744034
-53.402182,100,1697.741328
-44.759651,100,1703.322701
-44.142505,100,1708.272799
-46.441664,100,1713.176087
-88.649739,100,1717.938506
-49.105578,100,1722.669987
-45.483756,100,1727.71792
-50.196916,100,1732.701135
-46.515001,100,1737.689817
-36.972368,100,1742.563796
-37.134569,100,1747.497713
-36.217003,100,1752.3748
-37.682251,100,1757.064238
-38.08813,100,1761.992458
-35.628051,100,1766.803613
-34.26576,100,1771.541239
-25.846538,100,1776.374768
-27.433541,100,1781.311435
-37.532768,100,1786.267488
-35.299782,100,1791.107343
-32.786533,100,1796.026256
-32.002071,100,1800.831135
-32.43886,100,1805.80455
-31.485152,100,1810.730939
-31.781621,100,1815.58693
-30.274766,100,1820.48397
-32.340257,100,1825.495214
-29.660685,100,1830.409676
-70.755084,100,1835.143727
-32.242058,100,1840.024485
-33.005679,100,1844.761218
-33.730033,100,1849.647418
-36.49816,100,1854.367472
-35.371853,100,1859.273424
-33.876124,100,1864.056412
-30.592591,100,1868.928907
-34.129398,100,1873.742621
-30.12737,100,1878.760155
-30.814866,100,1883.707312
-30.3299,100,1888.568404
-30.057774,100,1893.386181
-32.444087,100,1898.264174
-33.843713,100,1903.204237
-32.283321,100,1907.933134
-358.984865,100,1912.783304
-255.409509,100,1917.728369
-283.857002,100,1922.649296
-107.250744,100,1927.507564
-98.44967,100,1932.295025
-107.833009,100,1937.078576
-267.735769,100,1941.897032
-38.305947,100,1946.827917
-90.858269,100,1951.581319
-31.01867,100,1956.543993
-40.122514,100,1961.326136
-38.399995,100,1966.28453
-90.835548,100,1971.137015
-90.32005,100,1975.899246
-90.410896,100,1980.748791
-30.871004,100,1985.697175
-31.325824,100,1990.607597
-28.057036,100,1995.579242
-32.945639,100,2000.426744
-27.95754,100,2006.346853
-28.566722,100,2012.582127
-28.005278,100,2018.187155
-27.415939,100,2024.767987
-94.188478,100,2031.816138
-28.470177,100,2038.192099
-29.451425,100,2044.456719
-26.027153,100,2050.615438
-28.866285,100,2056.940382
-27.829712,100,2064.05819
-32.819054,100,2095.85623
-26.397761,100,2102.228004
-26.872031,100,2108.389576
-32.509346,100,2114.428033
-25.359975,100,2120.771599
-33.837338,100,2127.1385
-22.196337,100,2133.598595
-29.996552,100,2139.747519
-30.362214,100,2146.148176
-29.430715,100,2152.253877
-30.241051,100,2158.228306
-35.904612,100,2164.708893
-36.870646,100,2171.016973
-33.395851,100,2177.110334
-32.240837,100,2183.085732
-33.956768,100,2189.26956
-120.036967,100,2195.30003
-42.949088,100,2201.428284
-39.604826,100,2207.429017
-33.748584,100,2213.532376
-28.351279,100,2219.388386
-30.269407,100,2225.240421
-28.548592,100,2231.154171
-30.655916,100,2236.735314
-29.205473,100,2242.191054
-30.132407,100,2247.552088
-30.71172,100,2252.960164
-37.035846,100,2258.163211
-30.173971,100,2263.433542
-31.620652,100,2268.661351
-32.319528,100,2273.822148
-34.119294,100,2279.121873
-32.422608,100,2284.330401
-33.699062,100,2289.435179
-31.577243,100,2294.441078
-32.699344,100,2299.42003
-34.018541,100,2304.410228
-33.405103,100,2309.507472
-33.981458,100,2314.741896
-33.736364,100,2319.842416
-35.634181,100,2324.92278
-33.326597,100,2329.991161
-35.410048,100,2335.164551
-37.993805,100,2340.300574
-35.968584,100,2345.390099
-38.039267,100,2350.504449
-327.27658,100,2355.659772
-363.617299,100,2360.653302
-82.961903,100,2365.966758
-365.330836,100,2371.140282
-93.917939,100,2376.232625
-122.894909,100,2381.427296
-165.603994,100,2386.470982
-176.685101,100,2391.543593
-194.439795,100,2396.585664
-35.219202,100,2401.663108
-34.622761,100,2406.767626
-35.488265,100,2411.967146
-38.025258,100,2418.025506
-37.21621,100,2423.248951
-27.585726,100,2428.404572
-46.236873,100,2434.324043
-49.329567,100,2439.470135
-47.169361,100,2444.459867
-54.815596,100,2449.660092
-50.250463,100,2454.765722
-55.114762,100,2460.378372
-50.075123,100,2465.91089
-52.673764,100,2471.567245
-54.928125,100,2477.054462
-356.3628,100,2482.712728
-40.655542,100,2488.284796
-53.10027,100,2494.021355
-50.621389,100,2499.632366
-47.282889,100,2505.333291
-41.845843,100,2511.072295
-46.057407,100,2516.773148
-39.105645,100,2522.475473
-35.02319,100,2527.890302
-44.748104,100,2533.03333
-36.01957,100,2538.252086
-32.107994,100,2543.54542
-108.814064,100,2548.830398
-29.245102,100,2553.733076
-31.315506,100,2558.757991
-26.705912,100,2563.723805
-25.029932,100,2568.864434
-25.87045,100,2573.747597
-26.239608,100,2578.955938
-28.510389,100,2584.120142
-28.803355,100,2589.277938
-28.270646,100,2594.198729
-27.726106,100,2599.208704
-33.875594,100,2604.264649
-28.289221,100,2609.202962
-29.974796,100,2614.192847
-25.809658,100,2619.356637
-34.0647,100,2624.246279
-33.211704,100,2629.238747
-30.470306,100,2634.132993
-33.780119,100,2661.725018
-28.603666,100,2666.466744
-31.904966,100,2671.490047
-24.735726,100,2676.483519
-26.749823,100,2681.399173
-25.194945,100,2686.328549
-22.561571,100,2691.115132
-22.083793,100,2696.088004
-21.925017,100,2700.991614
-23.143923,100,2705.749542
-25.271382,100,2710.507034
-24.569417,100,2715.205343
-25.737412,100,2720.123382
-24.024622,100,2724.92564
-24.437005,100,2729.634487
-25.02302,100,2734.3536
-25.015056,100,2739.085822
-26.419886,100,2743.885812
-24.658894,100,2748.388355
-26.104162,100,2752.910595
-25.437727,100,2757.526966
-24.895316,100,2762.225473
-24.504592,100,2766.847476
-24.992968,100,2771.530357
-24.440699,100,2776.094229
-23.027767,100,2780.624331
-33.813662,100,2785.068567
-25.509985,100,2789.59234
-25.131242,100,2794.129739
-25.78167,100,2798.484716
-29.466866,100,2802.918493
-23.528694,100,2807.386982
-26.986718,100,2811.987735
-22.37743,100,2816.400812
-23.920202,100,2821.137055
-30.183575,100,2825.783533
-34.812028,100,2830.521771
-21.911608,100,2835.189482
-35.288622,100,2839.821062
-23.087734,100,2844.468264
-25.096666,100,2849.183556
-28.96538,100,2853.747179
-32.675476,100,2858.374335
-33.474767,100,2863.062514
-25.699983,100,2867.851879
-30.935321,100,2872.602034
-34.448105,100,2877.33066
-33.814193,100,2882.020064
-34.149066,100,2886.773218
-28.58206,100,2891.450435
-25.174792,100,2896.087451
-22.890222,100,2900.888826
-27.446639,100,2905.755054
-24.519534,100,2910.58465
-30.185467,100,2915.4619
-29.074709,100,2920.183077
-24.480795,100,2924.962646
-24.317934,100,2929.827333
-24.920097,100,2934.787626
-25.219761,100,2939.741378
-25.034452,100,2944.709631
-25.391053,100,2949.856321
-27.534495,100,2954.92434
-25.515552,100,2959.813917
-25.222848,100,2964.852262
-24.998301,100,2969.914754
-25.142973,100,2974.977087
-27.377096,100,2979.934149
-24.413241,100,2985.000668
-26.017686,100,2990.412963
-25.158346,100,2995.586587
-74.269822,100,3000.90464
-72.54687,100,3006.096623
-75.630496,100,3011.257745
-77.520415,100,3016.50062
-78.267222,100,3021.521913
-59.14579,100,3026.783335
-70.610443,100,3031.970501
-61.432518,100,3037.031539
-38.626726,100,3042.114903
-37.603675,100,3047.234905
-38.636569,100,3052.464267
-34.050111,100,3057.82956
-40.157665,100,3063.068542
-37.611706,100,3068.202313
-35.9515,100,3073.456199
-36.792666,100,3078.734832
-42.377183,100,3083.96908
-42.111583,100,3089.197697
-44.353399,100,3094.334587
-41.580067,100,3099.733475
-40.003509,100,3105.011073
-35.912622,100,3110.17539
-34.379887,100,3115.326334
-34.56823,100,3120.432466
-73.795812,100,3125.589765
-31.890556,100,3130.7868
-32.403805,100,3136.203421
-34.117838,100,3141.751298
-35.805569,100,3147.519866
-34.271487,100,3177.128227
-30.163763,100,3182.772004
-29.937061,100,3188.344445
-30.164495,100,3193.99342
-28.732363,100,3199.790487
-24.481961,100,3205.510511
-25.962267,100,3211.233243
-25.139613,100,3217.055195
-28.507214,100,3223.057981
-40.04708,100,3229.112033
-40.631625,100,3235.182306
-26.466089,100,3241.172857
-29.164625,100,3247.073443
-29.830977,100,3253.030992
-27.844391,100,3258.976714
-27.999026,100,3265.177113
-26.977318,100,3271.402022
-31.538468,100,3277.546441
-30.80539,100,3283.522475
-29.124606,100,3289.558167
-30.491495,100,3295.744249
-31.626983,100,3301.780575
-29.42724,100,3307.77844
-30.601256,100,3313.770127
-42.992629,100,3319.892928
-43.737458,100,3325.82072
-44.904301,100,3331.843684
-42.177947,100,3337.818603
-41.710085,100,3343.827907
-28.614325,100,3349.834462
-34.914943,100,3355.804446
-46.4491,100,3361.784259
-46.198994,100,3367.759385
-35.699475,100,3373.774307
-54.733179,100,3379.762932
-39.106357,100,3385.832522
-68.801342,100,3391.832289
-72.252499,100,3397.837934
-89.975322,100,3403.854706
-92.346934,100,3409.699247
-129.296091,100,3415.69674
-30.238163,100,3421.66678
-26.27877,100,3427.52309
-34.860868,100,3433.453416
-49.139335,100,3439.275262
-31.885814,100,3445.256608
-45.571558,100,3451.142386
-44.14203,100,3457.17079
-42.016504,100,3463.0558
-45.840381,100,3468.929269
-50.771857,100,3474.740474
-48.406359,100,3480.485946
-53.172189,100,3486.388812
-34.027972,100,3492.317457
-52.243283,100,3498.345017
-635.49866,100,3504.470194
-59.485971,100,3510.604381
-61.778808,100,3516.481534
-68.636125,100,3522.300779
-38.677844,100,3528.191154
-54.175107,100,3533.82748
-63.364616,100,3539.621025
-42.092686,100,3545.478715
-33.521179,100,3551.221945
-32.176799,100,3557.154278
-47.382463,100,3562.975932
-32.936089,100,3568.916519
-53.421829,100,3574.735746
-62.381588,100,3580.657505
-55.442866,100,3586.585397
-55.894664,100,3592.444046
-62.153711,100,3598.322168
-67.813104,100,3604.244648
-62.191077,100,3610.015466
-49.175029,100,3616.122201
-66.888267,100,3622.400997
-58.356541,100,3628.795353
-53.849091,100,3635.092053
-45.284047,100,3641.37867
-42.465894,100,3647.542379
-44.800444,100,3653.993271
-55.185285,100,3660.140128
-44.494679,100,3666.740104
-46.753446,100,3673.39888
-39.219697,100,3680.000808
-120.246081,100,3686.976823
-43.554631,100,3693.57369
-48.156884,100,3700.191657
-41.539403,100,3706.869145
-43.727386,100,3713.515566
-38.877394,100,3720.336098
-42.005222,100,3726.8954
-41.73651,100,3732.951446
-38.397597,100,3739.101062
-39.996834,100,3745.307612
-37.414258,100,3751.470604
-41.641611,100,3757.755599
-43.482081,100,3764.01627
-41.801478,100,3770.28211
-38.939609,100,3776.484518
-37.647858,100,3806.899712
-43.380039,100,3813.167241
-39.699336,100,3819.336425
-42.041876,100,3825.547267
-39.399231,100,3831.81897
-38.988981,100,3837.943869
-84.74388,100,3844.205156
-36.950614,100,3850.368757
-45.593326,100,3856.57669
-36.606116,100,3862.831805
-50.574873,100,3869.148464
-37.472135,100,3875.349337
-36.514499,100,3881.786244
-49.325919,100,3888.063699
-35.730671,100,3894.447414
-36.560282,100,3900.783679
-35.153409,100,3907.088329
-50.14198,100,3913.247998
-39.109562,100,3919.653884
-38.533231,100,3925.804587
-35.725682,100,3931.996599
-37.521114,100,3938.103007
-42.220572,100,3944.353126
-46.881582,100,3950.401106
-44.193441,100,3956.608776
-45.64523,100,3962.873728
-55.244826,100,3969.131766
-74.948479,100,3975.469571
-53.469076,100,3982.173047
-47.725146,100,3988.519572
-56.617803,100,3994.873346
-56.806298,100,4001.272073
-66.380659,100,4007.717556
-76.349018,100,4014.079138
-90.507341,100,4020.458935
-85.479522,100,4026.884264
-76.879159,100,4033.164252
-107.463867,100,4039.474289
-71.652665,100,4045.918844
-75.485659,100,4052.31706
-89.027352,100,4058.514978
-60.509444,100,4064.777326
-61.559689,100,4071.026087
-61.462589,100,4077.275345
-58.091912,100,4083.73597
-57.473669,100,4089.88519
-84.195396,100,4096.204562
-71.178283,100,4102.454824
-87.835339,100,4109.079627
-46.276411,100,4115.366778
-38.043943,100,4121.802441
-37.103025,100,4128.324013
-33.786399,100,4134.742488
-26.347781,100,4141.027864
-25.561362,100,4147.328455
-25.621666,100,4153.731988
-26.550926,100,4160.22446
-26.55934,100,4166.555379
-24.752106,100,4172.82175
-24.980113,100,4179.090851
-24.936986,100,4185.52265
-23.580095,100,4191.854963
-26.332248,100,4198.21168
-30.13752,100,4204.687001
-32.208213,100,4211.01863
-33.753288,100,4217.380059
-35.388662,100,4224.094118
-33.171698,100,4230.75916
-32.968636,100,4237.535737
-37.695585,100,4244.29335
-38.254775,100,4251.008248
-38.835195,100,4257.373839
-38.23336,100,4263.689458
-31.995542,100,4270.202518
-37.534446,100,4276.64369
-27.105056,100,4283.079132
-38.015419,100,4289.414509
-37.524077,100,4296.227013
-35.386973,100,4303.524935
-35.283735,100,4310.218899
-35.353243,100,4316.469856
-36.941607,100,4322.771208
-37.610461,100,4329.266367
-37.721429,100,4336.006321
-38.364862,100,4343.185318
-37.714502,100,4350.390376
-36.763811,100,4357.663591
-38.117194,100,4364.71999
-36.00282,100,4371.311398
-33.081063,100,4378.056361
-37.073473,100,4384.335018
-38.888115,100,4390.698209
-40.273183,100,4397.230756
-39.887867,100,4403.534839
-38.949781,100,4410.09284
-37.308797,100,4416.482781
-37.099901,100,4422.863803
-33.727313,100,4429.210114
-33.935284,100,4435.62244
-29.129062,100,4441.927674
-23.170782,100,4473.227542
-22.950233,100,4479.16112
-22.064977,100,4485.192214
-35.831082,100,4491.018
-54.881843,100,4497.240243
-55.063938,100,4503.389467
-55.022026,100,4509.562737
-38.505865,100,4515.302323
-58.419558,100,4521.386575
-41.286314,100,4527.185866
-56.460815,100,4533.201159
-55.499724,100,4539.296349
-57.902455,100,4545.815012
-57.818686,100,4552.252204
-58.027592,100,4558.577496
-57.561897,100,4565.101212
-57.787697,100,4571.478858
-59.270328,100,4577.920251
-58.974109,100,4584.362775
-62.752171,100,4590.819203
-38.462218,100,4597.096862
-63.744201,100,4603.601122
-65.114987,100,4610.047678
-61.865482,100,4616.496025
-61.38126,100,4623.134981
-37.495146,100,4629.213697
-35.799904,100,4635.352073
-64.047196,100,4641.989867
-62.53305,100,4648.554379
-38.042574,100,4654.812318
-31.319834,100,4661.060664
-36.970242,100,4667.398474
-67.08592,100,4673.751475
-22.860177,100,4680.141469
-26.635513,100,4686.537307
-29.581168,100,4692.899415
-28.79035,100,4699.14049
-29.855361,100,4705.518428
-30.064769,100,4711.953465
-30.035838,100,4718.251731
-28.386594,100,4724.538603
-28.588334,100,4730.808301
-30.621722,100,4737.163434
-29.75501,100,4743.42767
-28.978977,100,4749.679637
-29.963445,100,4755.932451
-31.740293,100,4762.270674
-75.268302,100,4768.565742
-82.792304,100,4774.730673
-76.172725,100,4780.993813
-38.426508,100,4787.248652
-40.002319,100,4793.510203
-39.263395,100,4799.774111
-43.491289,100,4806.091244
-49.694957,100,4812.33896
-42.59035,100,4818.474656
-41.29851,100,4824.666203
-37.495666,100,4830.847476
-46.63287,100,4837.139722
-62.533109,100,4843.28446
-70.993457,100,4849.747009
-59.562901,100,4855.939609
-61.10891,100,4862.127768
-55.03762,100,4868.410314
-65.090371,100,4874.568126
-76.698651,100,4880.780116
-84.804772,100,4887.050044
-60.862469,100,4893.152253
-77.186601,100,4899.438524
-60.486852,100,4905.620123
-52.239833,100,4911.897685
-57.080585,100,4918.279626
-63.4527,100,4924.379844
-57.178393,100,4930.535231
-55.067757,100,4936.839778
-63.279022,100,4943.204132
-61.995272,100,4949.441927
-107.404784,100,4955.808622
-60.729379,100,4962.047997
-59.042521,100,4968.347452
-57.198181,100,4974.727487
-52.047638,100,4980.898521
-62.292437,100,4987.055613
-57.028666,100,4993.441587
-55.712491,100,4999.729736
-54.414445,100,5005.887141
-56.287641,100,5012.209068
-55.404089,100,5018.333888
-54.407077,100,5024.433074
-53.707934,100,5030.682563
-58.417785,100,5037.047319
-54.60642,100,5042.985563
-58.400949,100,5049.205664
-57.45674,100,5055.494967
-57.774753,100,5061.762069
-54.861459,100,5068.102897
-55.476446,100,5074.362881
-63.690931,100,5080.629853
-63.10466,100,5086.894999
-59.392807,100,5093.178123
-59.123536,100,5123.510361
-49.378686,100,5129.690059
-51.076776,100,5136.079877
-55.908806,100,5142.311423
-69.163343,100,5148.492415
-66.664313,100,5155.060713
-58.301872,100,5161.846909
-47.772169,100,5168.358279
-63.068072,100,5174.995121
-55.612304,100,5181.67489
-61.59023,100,5188.324309
-64.089462,100,5195.218332
-55.040073,100,5202.398793
-67.946837,100,5209.383872
-63.365318,100,5216.234309
-62.401498,100,5223.259484
-61.177969,100,5229.828959
-65.254302,100,5236.506513
-60.620296,100,5242.983189
-55.449623,100,5249.701385
-65.023937,100,5256.343348
-60.669285,100,5263.074519
-45.708452,100,5269.587445
-51.982912,100,5276.28524
-53.888715,100,5283.110687
-59.631104,100,5289.736177
-59.209246,100,5296.368736
-60.316684,100,5303.24164
-55.713813,100,5309.83534
-54.876481,100,5316.746382
-58.787138,100,5323.614482
-49.706604,100,5330.221015
-46.541516,100,5336.920405
-49.811917,100,5343.490723
-36.586677,100,5350.228279
-51.793623,100,5356.813551
-46.021987,100,5363.421854
-42.606633,100,5369.9498
-41.462351,100,5376.093948
-45.408007,100,5382.029822
-53.728788,100,5388.065939
-43.612328,100,5393.938617
-53.058991,100,5399.679007
-43.514967,100,5405.726303
-44.494224,100,5411.518111
-43.657877,100,5417.293986
-53.857929,100,5423.215662
-41.227975,100,5429.094577
-37.876529,100,5434.937595
-38.161262,100,5440.896743
-47.00839,100,5446.721581
-49.352152,100,5452.503252
-47.09682,100,5458.430852
-53.730355,100,5464.280024
-51.728205,100,5470.217376
-55.919657,100,5475.98148
-153.424989,100,5481.864559
-61.024338,100,5487.743073
-56.339383,100,5493.541245
-62.131175,100,5499.496575
-60.403121,100,5505.488248
-57.29269,100,5511.293215
-57.848731,100,5517.207959
-56.83912,100,5522.978551
-61.182872,100,5528.632123
-58.831115,100,5534.168656
-58.55747,100,5539.815044
-59.092741,100,5545.317769
-65.015628,100,5550.849117
-55.199112,100,5556.371642
-60.17979,100,5562.126122
-45.103825,100,5567.954156
-57.827573,100,5573.646676
-51.021153,100,5579.34404
-50.075331,100,5585.028377
-48.446521,100,5590.706209
-49.521711,100,5596.49848
-51.777527,100,5602.197394
-46.18329,100,5607.838433
-51.576897,100,5613.506
-44.255526,100,5619.340826
-46.289653,100,5624.935003
-54.934433,100,5630.734495
-55.536185,100,5636.528835
-58.98744,100,5642.443387
-55.17432,100,5648.294268
-52.693222,100,5653.951965
-58.109011,100,5659.607372
-56.47274,100,5665.69987
-58.074636,100,5671.517653
-57.387245,100,5677.319522
-57.129441,100,5682.989318
-59.331576,100,5689.044207
-59.928286,100,5694.845777
-61.13665,100,5700.549758
-65.112878,100,5706.420887
-58.572612,100,5712.018367
-64.650058,100,5717.802516
-68.175236,100,5723.492707
-79.697589,100,5729.387328
-70.994496,100,5761.019334
-71.012454,100,5766.886664
-68.674515,100,5772.425633
-79.987348,100,5778.019528
-64.710792,100,5783.202169
-79.93666,100,5788.780936
-79.105053,100,5794.465835
-77.856412,100,5800.013806
-77.844784,100,5805.524843
-77.285363,100,5811.131208
-78.278927,100,5816.950554
-78.170227,100,5822.30882
-422.884457,100,5827.807941
-417.81389,100,5833.279499
-430.805617,100,5838.670873
-430.003395,100,5844.055572
-415.034423,100,5849.458177
-390.380975,100,5855.099117
-373.355861,100,5860.536027
-350.997879,100,5865.937142
-130.929134,100,5871.472484
-120.884331,100,5876.812392
-123.030626,100,5882.373879
-105.756433,100,5887.940672
-94.144289,100,5893.476379
-92.091187,100,5899.037045
-100.583633,100,5904.611136
-86.501056,100,5910.212842
-87.048036,100,5915.946286
-97.758182,100,5921.446805
-84.131158,100,5927.10163
-90.211347,100,5932.798371
-83.055702,100,5938.419492
-91.25541,100,5944.065355
-91.016285,100,5949.623477
-88.13539,100,5955.325139
-85.083277,100,5960.906803
-82.978839,100,5966.646253
-76.498956,100,5972.357486
-77.894766,100,5978.007635
-74.554399,100,5983.760454
-75.556171,100,5989.527595
-77.041616,100,5995.264057
-76.871252,100,6000.862455
-79.770548,100,6006.410728
-84.25956,100,6011.997687
-84.332216,100,6017.708272
-76.890853,100,6023.504465
-71.752145,100,6029.400265
-72.81497,100,6035.042412
-71.810035,100,6040.64979
-68.943796,100,6046.352822
-69.775386,100,6052.0299
-68.327488,100,6057.843946
-69.882918,100,6063.449113
-76.319754,100,6069.174266
-68.670223,100,6074.909039
-69.903331,100,6080.610828
-70.716068,100,6086.206135
-78.008293,100,6091.841348
-107.627289,100,6097.472896
-110.509576,100,6103.064184
-112.208994,100,6108.790224
-84.499759,100,6114.464248
-95.652451,100,6119.954349
-83.044372,100,6125.885656
-78.06966,100,6131.860553
-77.494821,100,6137.608366
-74.442001,100,6143.571548
-73.197739,100,6149.442356
-65.818173,100,6155.044058
-137.593592,100,6160.710211
-64.926132,100,6166.368837
-68.921092,100,6172.083467
-73.093456,100,6177.67287
-74.674912,100,6183.574666
-145.711114,100,6189.196764
-77.317497,100,6195.042535
-144.308518,100,6200.767389
-147.24478,100,6206.469342
-64.846396,100,6212.087904
-60.634713,100,6217.848347
-78.286482,100,6223.674508
-68.137121,100,6229.298726
-99.88568,100,6234.836706
-78.142179,100,6240.429357
-56.811008,100,6246.127613
-80.810386,100,6251.762006
-57.711633,100,6257.422926
-39.810655,100,6263.09232
-38.53948,100,6268.612911
-39.10296,100,6274.35804
-38.077248,100,6279.876914
-47.221268,100,6285.44476
-39.45935,100,6291.123534
-39.911681,100,6296.494664
-39.89245,100,6301.907512
-39.563356,100,6307.404805
-58.033934,100,6312.859931
-97.527039,100,6318.297536
-56.871947,100,6346.960183
-34.8902,100,6352.155123
-53.773881,100,6357.23852
-54.141321,100,6362.550377
-31.820494,100,6367.981869
-25.391424,100,6373.323512
-54.280085,100,6378.754958
-22.29854,100,6384.054572
-53.906997,100,6389.621227
-33.459537,100,6394.973632
-19.366875,100,6400.433847
-22.013098,100,6405.824482
-31.469113,100,6411.2119
-30.984144,100,6416.656661
-30.647476,100,6421.998773
-29.411187,100,6427.464951
-31.913305,100,6432.876508
-32.647284,100,6438.208685
-50.33835,100,6443.656268
-48.065279,100,6448.911098
-35.565272,100,6454.270505
-54.932135,100,6459.917793
-55.987789,100,6465.552447
-32.702102,100,6471.181501
-38.905597,100,6476.604045
-57.192817,100,6482.267953
-40.639568,100,6487.669223
-33.542457,100,6493.065993
-59.348181,100,6498.679842
-49.227114,100,6504.119937
-50.114002,100,6509.410502
-53.675562,100,6514.815909
-50.086432,100,6520.237666
-44.772486,100,6525.74233
-49.692085,100,6531.035681
-31.808128,100,6536.395668
-36.858591,100,6541.807709
-37.483562,100,6547.171315
-37.421156,100,6552.56711
-36.193492,100,6557.856756
-32.070303,100,6563.071097
-33.011842,100,6568.464448
-43.423923,100,6573.863508
-40.479162,100,6579.278286
-41.751371,100,6584.786617
-42.264076,100,6590.123062
-44.921742,100,6595.561151
-49.166243,100,6600.949365
-44.817282,100,6606.39617
-50.050597,100,6611.740331
-50.422077,100,6617.053064
-45.295694,100,6622.438526
-51.889615,100,6627.92959
-54.716204,100,6633.339766
-91.318772,100,6638.522484
-84.231703,100,6643.830451
-79.354329,100,6649.207959
-83.238451,100,6654.595997
-58.445677,100,6659.832855
-82.805826,100,6665.157853
-64.88199,100,6670.51285
-56.692975,100,6675.911363
-57.430318,100,6681.269237
-54.565661,100,6686.667427
-101.338295,100,6691.986151
-50.096568,100,6697.577625
-104.151545,100,6702.949345
-99.895765,100,6708.332012
-81.801923,100,6713.801207
-100.278607,100,6719.164677
-99.927925,100,6724.640807
-99.43648,100,6730.147287
-99.805233,100,6735.670484
-102.710447,100,6741.019357
-103.164732,100,6746.272803
-81.490789,100,6751.647622
-81.439732,100,6757.194115
-91.19422,100,6762.481357
-113.115276,100,6767.860813
-88.03563,100,6773.290776
-79.841461,100,6778.719136
-90.820347,100,6784.122331
-109.833597,100,6789.468912
-107.937074,100,6794.76439
-108.265785,100,6800.105337
-108.882804,100,6805.464794
-108.678965,100,6810.845289
-108.350435,100,6816.261771
-107.657983,100,6821.695837
-108.117553,100,6827.105256
-98.587838,100,6832.36862
-108.102004,100,6837.740714
-107.359035,100,6843.066867
-98.99493,100,6848.344712
-99.160715,100,6853.663837
-98.001121,100,6859.036875
-98.247502,100,6864.301305
-98.855118,100,6869.567837
-99.173613,100,6874.876113
-98.775854,100,6880.224307
-107.750114,100,6908.714853
-98.555431,100,6913.913779
-99.122674,100,6919.293056
-98.720762,100,6924.55431
-107.881005,100,6929.854884
-98.693901,100,6935.297712
-98.876062,100,6940.567375
-99.100638,100,6946.099247
-98.842104,100,6951.495094
-98.887672,100,6956.888943
-99.019648,100,6962.265453
-98.788533,100,6967.652753
-64.90421,100,6973.131767
-98.529805,100,6978.625566
-62.623319,100,6984.39194
-45.667564,100,6989.687915
-88.96445,100,6995.089789
-98.046684,100,7000.420668
-70.797778,100,7005.790025
-107.429479,100,7011.166099
-107.358504,100,7016.615464
-108.925142,100,7022.104652
-107.481111,100,7027.359514
-89.752201,100,7033.004554
-107.293468,100,7038.411895
-60.085953,100,7043.768783
-58.734618,100,7049.122263
-61.535661,100,7054.426216
-58.93579,100,7059.774604
-59.913303,100,7065.143176
-58.375007,100,7070.398029
-54.44057,100,7075.913929
-54.753695,100,7081.246348
-54.873025,100,7086.711871
-76.473832,100,7092.174646
-54.401346,100,7097.4977
-58.184997,100,7103.026487
-51.964634,100,7108.622712
-52.676325,100,7114.018842
-76.383095,100,7119.417656
-54.329256,100,7124.74947
-53.968102,100,7130.159104
-54.403889,100,7135.571638
-58.005723,100,7140.976167
-58.101296,100,7146.389525
-54.378568,100,7151.695788
-54.342142,100,7156.979373
-58.26167,100,7162.340571
-53.507012,100,7167.89416
-56.826092,100,7173.212705
-57.000528,100,7178.524326
-64.92047,100,7183.833607
-62.411421,100,7189.273389
-63.120824,100,7194.702438
-56.360872,100,7200.089788
-66.22994,100,7205.446451
-55.411048,100,7210.718863
-57.603795,100,7216.266979
-53.555509,100,7221.683628
-57.688734,100,7227.022504
-70.949734,100,7232.293972
-54.769043,100,7237.758663
-69.180816,100,7243.094008
-59.894017,100,7248.319686
-76.597556,100,7253.672218
-80.119054,100,7259.017867
-232.044317,100,7264.35956
-82.063229,100,7269.757276
-82.147231,100,7275.064722
-241.032356,100,7280.830184
-500.978829,100,7286.47136
-155.836162,100,7291.879288
-155.415327,100,7297.17533
-153.584508,100,7302.521647
-154.565598,100,7307.956172
-556.891696,100,7313.57403
-574.665719,100,7319.188594
-169.209387,100,7324.63816
-615.154391,100,7330.177763
-155.935896,100,7335.447735
-140.721596,100,7340.808255
-139.682918,100,7346.258158
-141.25877,100,7351.698002
-138.975532,100,7357.116709
-149.479295,100,7362.428972
-148.772067,100,7367.784693
-163.121697,100,7373.204743
-162.885908,100,7378.618277
-163.12202,100,7383.884227
-180.066828,100,7389.097335
-179.22838,100,7394.49754
-169.801325,100,7399.881897
-179.065782,100,7405.327872
-178.57037,100,7410.804552
-188.915826,100,7416.326963
-178.572925,100,7421.738744
-162.243831,100,7427.185786
-154.505738,100,7432.517368
-179.163721,100,7438.011323
-179.07945,100,7443.265604
-540.50136,100,7472.353578
-553.291698,100,7477.987704
-532.527371,100,7483.580903
-529.428904,100,7489.251173
-526.272445,100,7494.751904
-523.691106,100,7500.305457
-526.673127,100,7506.020924
-524.659646,100,7511.691255
-520.124093,100,7517.422748
-514.066683,100,7523.0202
-519.645075,100,7528.670553
-499.03024,100,7534.252617
-493.408216,100,7539.905793
-489.625127,100,7545.602493
-507.436992,100,7551.142867
-512.264641,100,7556.727157
-483.048382,100,7562.38396
-172.930459,100,7567.664055
-172.457884,100,7572.966922
-209.398644,100,7578.508017
-163.942874,100,7584.090819
-196.584487,100,7589.486358
-245.762227,100,7594.979222
-281.816201,100,7600.39541
-290.982729,100,7605.863379
-213.161133,100,7611.253694
-138.220405,100,7616.69428
-149.377806,100,7622.125176
-189.016757,100,7627.53385
-137.917583,100,7632.95085
-389.463752,100,7638.383995
-202.397116,100,7643.870836
-188.220006,100,7649.19013
-181.52349,100,7654.535262
-138.244214,100,7659.938482
-178.411297,100,7665.270644
-176.741084,100,7670.935056
-161.952253,100,7676.629596
-171.736774,100,7682.195429
-173.758799,100,7687.740171
-372.160861,100,7693.254343
-401.367093,100,7698.718577
-206.105017,100,7704.318655
-177.667609,100,7709.785119
-138.465293,100,7715.135374
-138.141279,100,7720.428157
-138.096859,100,7725.808254
-138.075641,100,7731.246653
-138.637021,100,7736.710793
-147.76634,100,7742.046095
-402.034154,100,7747.463236
-137.912463,100,7752.873317
-163.493516,100,7758.335562
-135.404656,100,7763.778152
-160.178149,100,7769.12753
-137.814488,100,7774.531294
-137.729161,100,7779.889966
-137.426372,100,7785.219024
-136.721686,100,7790.649292
-142.410579,100,7795.944544
-136.82474,100,7801.475221
-136.999745,100,7806.8857
-443.220638,100,7812.245887
-413.21448,100,7817.72089
-138.860024,100,7823.176672
-131.15999,100,7828.633189
-129.358627,100,7833.994865
-395.11314,100,7839.338553
-130.646534,100,7844.655927
-132.823955,100,7850.178278
-121.621649,100,7855.676119
-138.785086,100,7861.176341
-130.377732,100,7866.571633
-136.216159,100,7871.902906
-142.385792,100,7877.435612
-155.95337,100,7882.791845
-119.095476,100,7888.182986
-139.10189,100,7893.544694
-140.775939,100,7898.89751
-136.698586,100,7904.244801
-135.148746,100,7909.561553
-146.942748,100,7915.175956
-151.411566,100,7920.670041
-155.344997,100,7926.061554
-151.562535,100,7931.476379
-149.427118,100,7936.798102
-215.66975,100,7942.216146
-150.79858,100,7947.598734
-137.053621,100,7953.061707
-151.833345,100,7958.559018
-152.440269,100,7963.930875
-144.011581,100,7969.321886
-144.509576,100,7974.735649
-140.80918,100,7980.164632
-127.171946,100,7985.505421
-134.178929,100,7990.900897
-130.677472,100,7996.35727
-125.97904,100,8001.717669
-130.335615,100,8007.025573
-130.467911,100,8012.410844
-132.762807,100,8041.06438
-138.108915,100,8046.377949
-108.125243,100,8051.61738
-118.896665,100,8056.872004
-114.745543,100,8062.140188
-116.13945,100,8067.532616
-112.823474,100,8072.858238
-112.491666,100,8078.297709
-108.820231,100,8083.829823
-117.367666,100,8089.311195
-130.862972,100,8094.588459
-114.710101,100,8099.94131
-134.258398,100,8105.459492
-122.732491,100,8110.924633
-128.250838,100,8116.452049
-209.047699,100,8121.782599
-117.524707,100,8127.213804
-114.057462,100,8132.590268
-108.292447,100,8138.038213
-108.647925,100,8143.426161
-105.957806,100,8148.892591
-107.918697,100,8154.37295
-102.123765,100,8159.807515
-93.530276,100,8165.089049
-107.327357,100,8170.456533
-105.153179,100,8175.83672
-105.679137,100,8181.246159
-119.621268,100,8186.607173
-100.526923,100,8191.9107
-105.737227,100,8197.20561
-166.252664,100,8202.589302
-158.477371,100,8207.946388
-160.799873,100,8213.306814
-153.168993,100,8218.633653
-164.632955,100,8224.077339
-147.088512,100,8229.404903
-149.197128,100,8234.844831
-137.402599,100,8240.213404
-100.168428,100,8245.628216
-101.633748,100,8251.138011
-107.661939,100,8256.618266
-103.755142,100,8262.004227
-107.856513,100,8267.52948
-97.381987,100,8273.078861
-97.300447,100,8278.383243
-97.058927,100,8283.686572
-104.9072,100,8289.115102
-96.289764,100,8294.476118
-97.035393,100,8299.827214
-100.692379,100,8305.319958
-99.031596,100,8310.728923
-111.345705,100,8316.192957
-123.551584,100,8321.691262
-101.597592,100,8327.328
-104.577015,100,8333.020738
-96.955243,100,8338.637584
-97.72611,100,8344.261404
-417.051668,100,8350.064481
-566.137215,100,8355.942302
-105.415754,100,8361.699142
-473.238663,100,8367.475048
-443.12046,100,8373.354349
-413.203355,100,8378.868537
-149.984696,100,8384.571356
-159.448018,100,8390.109766
-167.469429,100,8395.85209
-147.264987,100,8401.522362
-164.850864,100,8407.167726
-161.698105,100,8412.811197
-287.392644,100,8418.604689
-166.600151,100,8424.523172
-156.165876,100,8430.364194
-160.808776,100,8436.094203
-156.287301,100,8441.916289
-202.332312,100,8447.378016
-463.440235,100,8452.78875
-175.438409,100,8458.240218
-142.360718,100,8463.75907
-184.454754,100,8469.160321
-159.5824,100,8474.719148
-277.689875,100,8480.023372
-662.236377,100,8485.441759
-677.784642,100,8490.952173
-163.309957,100,8496.341771
-142.049177,100,8501.734862
-459.230279,100,8507.205122
-445.868237,100,8512.674894
-478.992827,100,8518.106562
-313.992208,100,8523.547257
-524.541252,100,8528.959936
-508.169223,100,8534.276964
-565.791011,100,8539.747216
-154.873101,100,8545.121292
-268.324163,100,8550.440454
-156.01271,100,8555.786727
-186.458641,100,8561.112649
-564.249195,100,8566.613036
-148.215178,100,8571.961093
-549.476009,100,8577.446131
-488.803198,100,8582.933938
-544.725989,100,8612.121004
-526.435377,100,8617.583568
-277.619188,100,8623.139638
-517.635351,100,8628.63483
-557.805323,100,8633.966071
-642.558486,100,8639.300071
-585.189442,100,8644.607298
-596.000896,100,8649.763343
-596.424708,100,8654.928375
-646.214037,100,8660.208448
-622.142394,100,8665.413471
-626.670706,100,8670.688801
-606.913089,100,8676.057141
-619.790914,100,8681.519411
-578.910477,100,8686.81853
-610.484627,100,8692.205287
-511.118561,100,8697.46894
-606.498391,100,8702.778027
-607.17659,100,8708.24636
-605.250729,100,8713.82051
-282.443839,100,8719.036791
-263.675394,100,8724.238805
-545.033005,100,8729.516954
-262.660552,100,8734.724575
-281.799427,100,8740.119382
-285.403527,100,8745.424693
-262.096393,100,8750.657296
-267.780429,100,8755.890554
-321.518087,100,8761.0803
-312.433478,100,8766.297776
-580.036745,100,8771.62967
-550.009938,100,8776.953315
-543.463181,100,8782.372102
-491.517485,100,8787.578508
-425.840841,100,8792.75781
-528.484804,100,8798.109517
-549.417064,100,8803.59603
-556.987247,100,8808.757275
-499.30915,100,8814.07427
-463.810276,100,8819.383162
-550.658956,100,8824.652771
-194.531407,100,8829.8869
-156.099117,100,8835.076408
-740.232295,100,8840.325842
-767.019135,100,8845.727346
-768.975842,100,8851.176336
-775.682075,100,8856.619642
-770.75839,100,8862.034429
-777.496463,100,8867.558731
-777.408612,100,8872.894472
-777.546699,100,8878.273509
-786.415847,100,8883.812847
-782.785491,100,8889.271238
-780.652706,100,8894.7528
-782.349173,100,8899.90074
-787.112517,100,8905.28071
-778.790702,100,8910.842556
-800.874473,100,8916.223632
-789.857867,100,8921.593065
-790.984151,100,8926.943736
-793.326166,100,8932.261079
-797.803253,100,8937.817926
-789.258483,100,8943.33797
-794.215673,100,8948.734321
-791.454452,100,8954.175906
-786.352608,100,8959.820534
-791.529785,100,8965.20631
-791.368776,100,8970.689383
-772.672701,100,8976.13019
-792.033292,100,8981.542707
-785.914019,100,8986.859612
-788.107333,100,8992.338744
-774.653973,100,8997.826725
-453.379434,100,9003.172798
-463.691001,100,9008.705174
-790.555611,100,9014.145811
-801.393026,100,9019.652173
-764.838495,100,9025.338425
-766.965462,100,9030.899101
-787.555426,100,9036.369905
-760.667959,100,9041.82144
-762.624725,100,9047.109872
-752.321635,100,9052.391441
-620.181679,100,9057.826585
-636.870568,100,9063.47232
-767.865724,100,9068.759225
-723.929143,100,9074.124311
-707.393314,100,9079.414541
-715.344626,100,9084.839566
-673.07998,100,9090.266129
-568.46232,100,9095.678081
-719.666744,100,9101.238693
-612.081742,100,9106.605433
-175.253134,100,9112.120368
-695.692328,100,9117.574872
-709.430123,100,9123.130163
-673.645266,100,9128.668037
-611.389752,100,9133.957689
-508.36686,100,9139.441638
-486.800305,100,9144.887763
-537.066886,100,9173.732385
-488.837208,100,9179.277709
-487.905512,100,9184.681293
-455.138531,100,9190.068313
-483.118112,100,9195.547467
-461.8981,100,9200.979511
-606.010011,100,9206.472965
-674.691583,100,9211.892579
-230.751491,100,9217.451041
-537.929388,100,9222.93623
-485.922739,100,9228.252054
-210.827513,100,9233.636571
-210.411786,100,9239.125332
-213.117399,100,9244.622604
-729.861386,100,9249.98873
-667.868126,100,9255.406044
-600.607134,100,9260.816893
-709.4577,100,9266.305444
-687.315991,100,9271.791861
-171.367558,100,9277.175927
-726.428283,100,9282.500561
-733.098219,100,9287.861609
-200.609697,100,9293.199201
-752.216262,100,9298.7791
-748.706801,100,9304.123439
-182.953418,100,9309.550284
-211.765362,100,9314.943495
-149.21484,100,9320.320281
-139.198894,100,9325.700406
-131.397772,100,9331.017884
-149.474643,100,9336.423183
-149.019341,100,9341.809486
-153.009935,100,9347.126467
-154.363409,100,9352.454117
-162.650913,100,9358.08705
-169.752605,100,9363.401092
-153.228859,100,9368.856657
-151.499128,100,9374.321912
-193.911831,100,9379.72352
-481.284912,100,9385.228943
-544.577409,100,9390.793353
-574.913933,100,9396.355189
-565.737671,100,9401.779858
-585.816706,100,9407.164809
-487.647278,100,9412.655307
-535.892733,100,9418.058273
-540.504069,100,9423.535436
-578.499087,100,9429.051036
-646.317064,100,9434.367903
-635.721145,100,9439.71173
-642.200482,100,9445.149384
-78.637742,100,9450.453268
-65.177952,100,9455.887422
-78.365565,100,9461.348897
-73.373034,100,9466.783895
-87.469888,100,9472.149538
-64.425835,100,9477.539509
-94.275777,100,9482.894332
-87.725848,100,9488.463857
-96.038617,100,9494.000139
-97.37767,100,9499.373471
-95.487265,100,9504.713381
-101.554671,100,9510.08268
-99.435428,100,9515.527324
-97.242052,100,9520.906408
-89.610982,100,9526.374843
-94.038328,100,9531.628544
-103.010588,100,9537.077296
-97.443309,100,9542.45051
-109.850786,100,9547.750608
-94.74714,100,9553.134272
-108.479045,100,9558.537688
-107.358673,100,9564.050964
-97.383384,100,9569.352899
-113.358573,100,9574.737826
-114.73091,100,9580.080263
-111.56361,100,9585.472792
-113.127803,100,9590.933007
-120.890819,100,9596.246056
-113.101428,100,9601.725324
-119.629708,100,9607.130594
-146.876582,100,9612.503967
-129.949697,100,9618.136855
-148.623535,100,9623.618813
-217.455397,100,9629.293197
-107.315857,100,9634.671761
-127.43206,100,9640.03408
-209.635977,100,9645.635712
-115.838305,100,9650.918714
-117.760745,100,9656.300655
-207.443576,100,9662.072878
-120.646486,100,9667.446517
-222.493822,100,9673.09045
-113.411916,100,9678.334055
-113.091432,100,9683.874026
-119.679709,100,9689.271861
-119.761884,100,9694.665349
-209.947913,100,9700.094507
-113.020718,100,9705.384524
-215.108797,100,9711.058473
-112.167005,100,9742.350387
-112.433612,100,9747.852359
-227.094912,100,9753.523773
-212.172108,100,9759.251481
-195.350749,100,9764.905863
-198.624326,100,9770.463784
-198.028321,100,9776.206395
-208.574628,100,9781.835051
-199.37697,100,9787.434822
-171.655818,100,9793.141015
-153.682425,100,9798.790491
-166.191978,100,9804.480393
-169.913478,100,9810.225809
-167.185014,100,9815.824756
-151.723146,100,9821.446866
-150.71467,100,9826.965141
-137.371203,100,9832.658293
-130.72646,100,9838.361182
-126.762882,100,9844.049402
-120.57728,100,9849.724151
-114.779035,100,9855.306271
-109.221525,100,9860.859516
-102.592192,100,9866.557014
-95.269588,100,9872.08837
-103.085917,100,9877.786664
-110.178979,100,9883.413039
-120.447837,100,9889.074647
-108.846984,100,9894.734519
-100.239732,100,9900.38612
-96.274246,100,9906.000136
-95.905441,100,9911.626133
-72.292536,100,9917.121979
-76.923459,100,9922.75794
-84.83864,100,9928.261352
-88.106703,100,9933.951944
-82.365193,100,9939.472546
-79.947582,100,9945.045435
-85.330172,100,9950.721598
-81.055183,100,9956.439461
-71.445296,100,9962.095912
-66.594882,100,9967.787341
-66.670746,100,9973.330114
-62.682246,100,9978.987738
-64.185414,100,9984.6775
-64.456854,100,9990.353665
-70.56938,100,9995.94948
-65.791865,100,10001.573689
-65.492459,100,10007.279986
-69.452255,100,10012.905869
-73.106478,100,10018.529117
-74.47545,100,10024.181672
-73.408016,100,10029.726832
-72.301051,100,10035.475332
-71.472352,100,10041.102148
-70.916223,100,10046.802248
-81.690525,100,10052.381931
-83.319476,100,10058.060875
-86.489567,100,10063.67082
-86.320414,100,10069.263725
-87.812276,100,10075.063761
-85.654964,100,10080.772473
-86.498249,100,10086.634541
-85.500924,100,10092.254139
-97.217724,100,10097.917302
-92.157267,100,10103.598546
-93.976362,100,10109.129265
-89.164698,100,10114.66852
-85.679508,100,10120.329078
-92.813904,100,10125.981964
-96.350456,100,10131.619669
-90.725897,100,10137.437263
-97.329908,100,10142.955458
-86.4199,100,10148.65021
-88.020067,100,10154.292675
-91.098704,100,10159.871366
-79.584434,100,10165.465904
-79.839857,100,10171.026855
-81.934573,100,10176.69326
-77.343369,100,10182.30806
-82.589393,100,10187.944295
-72.512635,100,10193.596154
-73.93756,100,10199.153703
-73.366266,100,10204.619326
-68.498094,100,10210.309909
-62.44735,100,10216.032818
-67.937909,100,10221.648006
-75.352106,100,10227.348472
-75.930808,100,10232.862891
-75.901775,100,10238.569991
-81.932843,100,10244.276836
-83.74599,100,10249.909721
-80.372717,100,10255.530694
-81.158632,100,10261.291991
-80.072763,100,10266.930948
-80.115072,100,10272.621834
-88.484544,100,10278.42825
-88.031534,100,10284.193216
-83.953812,100,10289.976507
-87.726909,100,10295.597025
-91.422159,100,10301.154329
-89.958035,100,10332.521759
-86.541309,100,10338.222812
-89.8005,100,10343.946863
-82.932313,100,10349.506733
-76.641474,100,10355.306442
-58.650124,100,10360.964456
-66.834007,100,10366.650515
-66.271782,100,10372.219501
-64.617362,100,10377.816638
-65.855472,100,10383.483251
-68.256114,100,10389.060103
-65.472999,100,10394.638931
-64.755462,100,10400.261688
-64.666709,100,10405.994431
-60.604166,100,10411.72327
-66.235598,100,10417.439
-63.491413,100,10423.087604
-64.794186,100,10428.662989
-67.122604,100,10434.321151
-68.200235,100,10440.098689
-65.066755,100,10445.855166
-67.60526,100,10451.686373
-70.691517,100,10457.3418
-71.989149,100,10462.912421
-73.647145,100,10468.683619
-70.086108,100,10474.235736
-73.934521,100,10479.890593
-72.604498,100,10485.540918
-80.450611,100,10491.134924
-87.595153,100,10496.911681
-78.103343,100,10502.538552
-62.934769,100,10508.210274
-84.490374,100,10513.744584
-79.839817,100,10519.275074
-83.944185,100,10524.864195
-72.079982,100,10530.462383
-70.020003,100,10536.108682
-74.008264,100,10541.636462
-78.730337,100,10547.347173
-75.895477,100,10552.969736
-59.970199,100,10558.685261
-59.989605,100,10564.429532
-61.386246,100,10570.069427
-61.026541,100,10575.620003
-61.941473,100,10581.254871
-57.111151,100,10586.88591
-59.379304,100,10592.630009
-59.651418,100,10598.370055
-63.165804,100,10604.128214
-61.92838,100,10609.704062
-64.933649,100,10615.321706
-61.316744,100,10621.032012
-59.597434,100,10626.759128
-60.644999,100,10632.399467
-64.298535,100,10638.089129
-62.507342,100,10643.714767
-67.340764,100,10649.435197
-74.832121,100,10655.313797
-58.63837,100,10660.878868
-59.928783,100,10666.499492
-59.067368,100,10672.18642
-62.567661,100,10677.895213
-60.006898,100,10683.617001
-62.634312,100,10689.182863
-66.508765,100,10694.824018
-62.248986,100,10700.56216
-82.013101,100,10706.176432
-65.474873,100,10711.806553
-68.026542,100,10717.450452
-65.816382,100,10723.067571
-66.440277,100,10728.726691
-69.232381,100,10734.328758
-69.196679,100,10739.963949
-115.628756,100,10745.546206
-116.705191,100,10751.175627
-121.872539,100,10756.88956
-112.346037,100,10762.70137
-118.649577,100,10768.388192
-116.45703,100,10774.112041
-115.875753,100,10779.7265
-113.645889,100,10785.260255
-115.708532,100,10790.752474
-105.815704,100,10796.126408
-100.091244,100,10801.595849
-92.223394,100,10807.132757
-107.720298,100,10812.647362
-107.014902,100,10818.166042
-103.882592,100,10823.580304
-106.191496,100,10829.110129
-104.500444,100,10834.515303
-103.677403,100,10840.007417
-107.332174,100,10845.472956
-112.680404,100,10850.914101
-118.122354,100,10856.617606
-119.875273,100,10862.368521
-126.034877,100,10867.97573
-125.571131,100,10873.584819
-131.617736,100,10879.41643
-119.725348,100,10885.269394
-117.301903,100,10890.950977
-112.493277,100,10922.06041
-113.504752,100,10927.863722
-135.99515,100,10933.533583
-115.732536,100,10939.11519
-122.462869,100,10944.858198
-134.728844,100,10950.472644
-135.488026,100,10956.023158
-125.20737,100,10961.606608
-125.32221,100,10967.158967
-137.249642,100,10972.742441
-146.776218,100,10978.263178
-148.407075,100,10983.999389
-146.253626,100,10989.549221
-198.581776,100,10995.098623
-135.508135,100,11000.855041
-133.017944,100,11006.610062
-133.159975,100,11012.355257
-138.903423,100,11017.974349
-140.703718,100,11023.520593
-142.140917,100,11029.047547
-61.184846,100,11034.760311
-49.358047,100,11040.258547
-51.704793,100,11045.623225
-33.136773,100,11051.054895
-51.465042,100,11056.480632
-42.709064,100,11061.842519
-38.489819,100,11067.212388
-54.098376,100,11072.611498
-56.671407,100,11078.065315
-52.226452,100,11083.489338
-55.172852,100,11088.718055
-55.016154,100,11093.97633
-51.733585,100,11099.286823
-49.578294,100,11104.59118
-49.653665,100,11109.961339
-52.253512,100,11115.182151
-53.786927,100,11120.634974
-50.219626,100,11126.114595
-52.724528,100,11131.590645
-51.450102,100,11137.068322
-50.048673,100,11142.540262
-54.433536,100,11147.854784
-50.624957,100,11153.2766
-51.342852,100,11158.762845
-55.661047,100,11164.089559
-57.342869,100,11169.46989
-48.129396,100,11174.853701
-61.617137,100,11180.24158
-51.81572,100,11185.734816
-61.106199,100,11191.179562
-63.323644,100,11196.611105
-57.384437,100,11202.052488
-52.207297,100,11207.47706
-63.529426,100,11212.941224
-49.800418,100,11218.316402
-50.33273,100,11223.769833
-49.32758,100,11229.111202
-49.118936,100,11234.567508
-46.20141,100,11240.060281
-41.064434,100,11245.472939
-51.87022,100,11250.891644
-61.502189,100,11256.270816
-46.470953,100,11261.713864
-101.543245,100,11267.164198
-46.881424,100,11272.622915
-41.089217,100,11278.002188
-41.98128,100,11283.289091
-97.090297,100,11288.585126
-45.866684,100,11293.915898
-57.159297,100,11299.414869
-55.369524,100,11304.888735
-55.38445,100,11310.304874
-60.205775,100,11315.976329
-55.850418,100,11321.45928
-58.6656,100,11326.958201
-52.531172,100,11332.208331
-50.523756,100,11337.589896
-50.459208,100,11343.078088
-42.591377,100,11348.473913
-49.92533,100,11353.752993
-97.034217,100,11359.085624
-50.515771,100,11364.398918
-33.792816,100,11369.764141
-61.965127,100,11375.179938
-55.266693,100,11380.600773
-77.081954,100,11386.056601
-60.524883,100,11391.580338
-31.456008,100,11397.042484
-73.07256,100,11402.443533
-81.883647,100,11407.970492
-94.457055,100,11413.389497
-50.956692,100,11418.910953
-53.710275,100,11424.328954
-55.198966,100,11429.81498
-53.70521,100,11435.203243
-51.462522,100,11440.50175
-41.907125,100,11446.00363
-53.476009,100,11451.443965
-49.64284,100,11456.885031
-61.376891,100,11462.314421
