#{"t_start": 1613563723.776751, "env_id": "dVRLReach-v0"}
r,l,t
-30.0,30,5.148371
-30.0,30,5.899828
-30.0,30,6.630692
-30.0,30,7.379414
-30.0,30,8.108229
-30.0,30,8.862562
-30.0,30,9.575754
-30.0,30,10.302892
-30.0,30,11.038947
-30.0,30,11.754835
-30.0,30,12.483644
-30.0,30,13.208586
-30.0,30,13.913815
-30.0,30,14.638004
-30.0,30,15.353381
-30.0,30,16.094419
-30.0,30,16.814484
-30.0,30,17.533035
-30.0,30,18.256042
-30.0,30,18.981466
-30.0,30,19.707229
-30.0,30,20.454105
-30.0,30,21.18504
-30.0,30,21.898035
-30.0,30,22.620706
-30.0,30,23.358276
-30.0,30,24.093918
-30.0,30,24.799199
-30.0,30,25.512516
-30.0,30,26.235991
-30.0,30,26.947423
-30.0,30,27.666257
-30.0,30,28.412128
-30.0,30,29.973994
-30.0,30,32.014852
-30.0,30,34.087178
-30.0,30,36.031389
-30.0,30,38.011057
-30.0,30,40.060807
-30.0,30,42.071956
-30.0,30,44.122802
-30.0,30,46.002841
-30.0,30,48.118283
-30.0,30,50.198888
-30.0,30,52.301236
-30.0,30,54.32654
-30.0,30,56.420153
-30.0,30,58.530284
-30.0,30,60.657077
-30.0,30,62.662327
-30.0,30,64.834483
-30.0,30,66.97194
-30.0,30,69.091153
-30.0,30,71.250179
-30.0,30,73.546354
-30.0,30,76.063147
-30.0,30,78.524891
-30.0,30,80.90381
-30.0,30,83.15836
-30.0,30,85.5058
-30.0,30,87.955747
-30.0,30,90.408694
-30.0,30,93.128759
-30.0,30,95.7188
-30.0,30,98.380472
-30.0,30,101.082174
-30.0,30,103.925245
-30.0,30,106.46998
-30.0,30,109.085505
-30.0,30,111.780026
-30.0,30,114.25736
-30.0,30,116.749772
-30.0,30,119.550326
-30.0,30,122.690771
-30.0,30,125.663368
-30.0,30,128.57386
-30.0,30,131.505601
-30.0,30,134.495697
-30.0,30,137.338712
-30.0,30,140.164218
-30.0,30,143.069514
-30.0,30,146.017146
-30.0,30,148.82954
-30.0,30,151.563546
-30.0,30,154.439088
-30.0,30,157.31463
-30.0,30,160.117537
-30.0,30,163.035661
-30.0,30,165.862964
-30.0,30,168.974814
-30.0,30,171.848128
-30.0,30,174.916775
-30.0,30,178.144721
-30.0,30,181.206705
-30.0,30,184.128874
-30.0,30,187.161843
-30.0,30,190.384468
-30.0,30,193.476208
-30.0,30,196.573381
-30.0,30,199.604367
-30.0,30,202.550272
-30.0,30,205.530112
-30.0,30,208.45609
-30.0,30,211.440143
-30.0,30,214.690079
-30.0,30,217.670792
-30.0,30,220.757962
-30.0,30,223.697562
-30.0,30,227.028094
-30.0,30,230.003502
-30.0,30,233.026676
-30.0,30,236.116278
-30.0,30,239.385505
-30.0,30,242.386418
-30.0,30,245.28423
-30.0,30,248.10043
-30.0,30,251.062546
-30.0,30,254.046147
-30.0,30,257.048951
-30.0,30,259.937377
-30.0,30,262.901474
-30.0,30,265.919687
-30.0,30,269.035429
-30.0,30,272.129957
-30.0,30,275.180057
-30.0,30,278.27559
-30.0,30,281.317055
-30.0,30,284.148937
-30.0,30,287.202925
-30.0,30,290.052494
-30.0,30,292.851226
-30.0,30,295.614304
-30.0,30,298.57
-30.0,30,301.545584
-30.0,30,304.4619
-30.0,30,307.278728
-22.0,30,310.195062
-30.0,30,312.985106
-30.0,30,315.751637
-30.0,30,318.541172
-30.0,30,321.395176
-30.0,30,324.074274
-30.0,30,326.875477
-30.0,30,329.658458
-30.0,30,332.406945
-30.0,30,334.928566
-30.0,30,337.640056
-30.0,30,340.347108
-30.0,30,343.041228
-30.0,30,345.684655
-30.0,30,348.342796
-23.0,30,351.105973
-7.0,30,353.862801
-28.0,30,356.600258
-30.0,30,359.398853
-30.0,30,362.016758
-30.0,30,364.795111
-30.0,30,367.495751
-23.0,30,370.351833
-30.0,30,373.171516
-30.0,30,375.853237
-30.0,30,378.568942
-30.0,30,381.33808
-30.0,30,384.165546
-29.0,30,386.86324
-23.0,30,389.351572
-30.0,30,391.823315
-30.0,30,394.379573
-30.0,30,396.960773
-30.0,30,399.471576
-30.0,30,401.906138
-30.0,30,404.477378
-30.0,30,407.00289
-30.0,30,409.557521
-30.0,30,412.085559
-5.0,30,414.450878
-30.0,30,416.931653
-6.0,30,419.598175
-5.0,30,422.002784
-30.0,30,424.503989
-30.0,30,427.047632
-30.0,30,429.573749
-30.0,30,432.232069
-30.0,30,434.730377
-30.0,30,437.28895
-30.0,30,439.910825
-6.0,30,442.491392
-30.0,30,444.90608
-11.0,30,447.564855
-30.0,30,450.163954
-28.0,30,452.531257
-30.0,30,455.233532
-30.0,30,457.7148
-30.0,30,460.30178
-30.0,30,462.81135
-19.0,30,465.55107
-30.0,30,467.944815
-30.0,30,470.439952
-30.0,30,472.966198
-30.0,30,475.53124
-10.0,30,478.155743
-30.0,30,480.71275
-30.0,30,483.446827
-30.0,30,486.174542
-10.0,30,488.671157
-30.0,30,491.288694
-4.0,30,493.755317
-30.0,30,496.240006
-30.0,30,498.830788
-9.0,30,501.365346
-30.0,30,503.97739
-30.0,30,506.445269
-30.0,30,509.112086
-6.0,30,511.658264
-3.0,30,514.367767
-30.0,30,516.907502
-30.0,30,519.558354
-30.0,30,522.036827
-30.0,30,524.749106
-9.0,30,527.509136
-30.0,30,530.056401
-30.0,30,532.61055
-30.0,30,535.016112
-30.0,30,537.606545
-30.0,30,540.059135
-30.0,30,542.589177
-8.0,30,545.122778
-30.0,30,547.55851
-30.0,30,550.127306
-3.0,30,552.668906
-24.0,30,555.247598
-30.0,30,557.870175
-30.0,30,560.455889
-9.0,30,562.920049
-30.0,30,565.535919
-30.0,30,568.045861
-17.0,30,570.597841
-30.0,30,573.08123
-20.0,30,575.949763
-30.0,30,578.460593
-30.0,30,581.043582
-30.0,30,583.460882
-11.0,30,586.219393
-30.0,30,588.926206
-28.0,30,591.492062
-30.0,30,594.03091
-30.0,30,596.630063
-12.0,30,599.279073
-30.0,30,601.770299
-30.0,30,604.271429
-30.0,30,606.912884
-30.0,30,609.524467
-25.0,30,611.995548
-30.0,30,614.733871
-30.0,30,617.340004
-29.0,30,619.995154
-19.0,30,622.546251
-30.0,30,625.187349
-30.0,30,627.727487
-30.0,30,630.3598
-7.0,30,633.008756
-30.0,30,635.539933
-8.0,30,638.067368
-30.0,30,640.481724
-30.0,30,642.969804
-30.0,30,645.530413
-30.0,30,648.217277
-30.0,30,650.806858
-30.0,30,653.349373
-30.0,30,655.941965
-30.0,30,658.370615
-30.0,30,660.867005
-30.0,30,663.465695
-5.0,30,665.861545
-30.0,30,668.520767
-21.0,30,671.219877
-16.0,30,673.831172
-30.0,30,676.579641
-30.0,30,679.050541
-30.0,30,681.521387
-30.0,30,684.089489
-30.0,30,686.740529
-30.0,30,689.191779
-30.0,30,691.662092
-30.0,30,694.137245
-8.0,30,696.755383
-30.0,30,699.487833
-30.0,30,702.008231
-30.0,30,704.508904
-13.0,30,707.302138
-30.0,30,709.742052
-30.0,30,712.273834
-24.0,30,714.976785
-30.0,30,717.407408
-30.0,30,719.828202
-30.0,30,722.445306
-30.0,30,724.95796
-18.0,30,727.638314
-30.0,30,730.197427
-3.0,30,732.668635
-30.0,30,735.124916
-30.0,30,737.714062
-30.0,30,740.386894
-30.0,30,742.96698
-26.0,30,745.595682
-30.0,30,748.395589
-30.0,30,750.959803
-13.0,30,753.629966
-30.0,30,756.0903
-30.0,30,758.574114
-30.0,30,761.212193
-9.0,30,763.760461
-30.0,30,766.332513
-30.0,30,768.771237
-30.0,30,771.335243
-30.0,30,774.032011
-30.0,30,776.597001
-30.0,30,779.408638
-12.0,30,782.222012
-25.0,30,784.812082
-30.0,30,787.263884
-30.0,30,789.744555
-30.0,30,792.22303
-30.0,30,794.87011
-30.0,30,797.420113
-23.0,30,799.919272
-30.0,30,802.442214
-17.0,30,804.968706
-30.0,30,807.533206
-30.0,30,810.249776
-13.0,30,812.956751
-30.0,30,815.595002
-30.0,30,818.029217
-8.0,30,824.836086
-8.0,30,827.312364
-11.0,30,829.702501
-9.0,30,832.202298
-6.0,30,834.727565
-30.0,30,837.40026
-4.0,30,840.064052
-12.0,30,842.580785
-30.0,30,845.046308
-30.0,30,847.565801
-3.0,30,850.215433
-30.0,30,852.823782
-30.0,30,855.393308
-30.0,30,857.903822
-10.0,30,860.767042
-12.0,30,863.362444
-14.0,30,865.818096
-14.0,30,868.413473
-30.0,30,870.978642
-30.0,30,873.6337
-30.0,30,876.285342
-30.0,30,878.750237
-30.0,30,881.317035
-30.0,30,883.907222
-4.0,30,886.314417
-12.0,30,888.999705
-10.0,30,891.619221
-30.0,30,894.054977
-30.0,30,896.79126
-30.0,30,899.38945
-4.0,30,901.961801
-30.0,30,904.526483
-30.0,30,907.110964
-30.0,30,909.634231
-30.0,30,912.304029
-6.0,30,914.915279
-13.0,30,917.540183
-5.0,30,920.170294
-30.0,30,922.786342
-30.0,30,925.29947
-30.0,30,927.865381
-30.0,30,930.43749
-15.0,30,933.000617
-30.0,30,935.539374
-30.0,30,938.051176
-30.0,30,940.682759
-30.0,30,943.076473
-30.0,30,945.546159
-30.0,30,948.055204
-30.0,30,950.709548
-19.0,30,953.396964
-7.0,30,955.921227
-30.0,30,958.51435
-6.0,30,961.119493
-30.0,30,963.596437
-4.0,30,966.056862
-9.0,30,968.863199
-8.0,30,971.494604
-30.0,30,974.101389
-30.0,30,976.886916
-30.0,30,979.323377
-30.0,30,981.701435
-14.0,30,984.198385
-11.0,30,987.026198
-7.0,30,989.539337
-7.0,30,992.183815
-30.0,30,994.802186
-14.0,30,997.539373
-6.0,30,999.931283
-9.0,30,1002.579589
-8.0,30,1005.287043
-30.0,30,1007.867481
-6.0,30,1010.424955
-30.0,30,1012.937021
-5.0,30,1015.415877
-6.0,30,1018.003459
-30.0,30,1020.647219
-7.0,30,1023.17537
-30.0,30,1025.85438
-30.0,30,1028.567093
-7.0,30,1031.371965
-30.0,30,1033.858092
-30.0,30,1036.475164
-30.0,30,1038.884413
-30.0,30,1041.507351
-30.0,30,1044.113883
-7.0,30,1046.792537
-6.0,30,1049.21663
-6.0,30,1051.989275
-30.0,30,1054.503114
-7.0,30,1057.022506
-12.0,30,1059.629692
-12.0,30,1062.185127
-6.0,30,1064.613988
-16.0,30,1067.143407
-12.0,30,1069.528063
-30.0,30,1072.179069
-11.0,30,1074.74791
-12.0,30,1077.309777
-9.0,30,1079.95465
-30.0,30,1082.418182
-6.0,30,1085.047694
-6.0,30,1087.749401
-30.0,30,1090.192062
-30.0,30,1092.703604
-7.0,30,1095.538681
-30.0,30,1098.225109
-30.0,30,1100.828455
-10.0,30,1103.446812
-9.0,30,1106.141034
-8.0,30,1108.716311
-30.0,30,1111.328565
-15.0,30,1114.031223
-9.0,30,1116.673291
-14.0,30,1119.276191
-8.0,30,1121.806095
-8.0,30,1124.405807
-30.0,30,1126.935732
-30.0,30,1129.332718
-11.0,30,1132.172096
-13.0,30,1134.792385
-9.0,30,1137.551464
-30.0,30,1140.068777
-16.0,30,1142.69527
-30.0,30,1145.218133
-5.0,30,1147.684531
-30.0,30,1150.23714
-6.0,30,1152.70773
-30.0,30,1155.243727
-30.0,30,1157.957421
-30.0,30,1160.684169
-30.0,30,1163.320164
-30.0,30,1165.901121
-30.0,30,1168.429406
-30.0,30,1170.984218
-11.0,30,1173.531673
-29.0,30,1176.062022
-6.0,30,1178.646621
-14.0,30,1181.279396
-9.0,30,1183.862325
-9.0,30,1186.406651
-30.0,30,1189.014484
-30.0,30,1191.836813
-7.0,30,1194.567707
-5.0,30,1197.158186
-30.0,30,1199.689402
-10.0,30,1202.42088
-6.0,30,1204.933946
-6.0,30,1207.545129
-6.0,30,1210.037052
-30.0,30,1212.575954
-30.0,30,1215.080207
-30.0,30,1217.754668
-30.0,30,1220.390055
-8.0,30,1222.96759
-7.0,30,1225.636185
-30.0,30,1228.195496
-16.0,30,1231.009897
-30.0,30,1233.498911
-6.0,30,1236.141121
-9.0,30,1238.689303
-7.0,30,1241.400683
-30.0,30,1243.970251
-10.0,30,1246.594488
-4.0,30,1249.183068
-30.0,30,1251.778223
-30.0,30,1254.375742
-30.0,30,1256.856715
-30.0,30,1259.442897
-10.0,30,1262.133188
-30.0,30,1264.55578
-30.0,30,1267.031673
-30.0,30,1269.450662
-30.0,30,1272.024684
-9.0,30,1274.676891
-9.0,30,1277.285425
-30.0,30,1279.973436
-30.0,30,1282.629385
-17.0,30,1285.090416
-30.0,30,1287.566983
-30.0,30,1290.098211
-13.0,30,1292.907503
-30.0,30,1295.408602
-30.0,30,1298.031963
-10.0,30,1300.573931
-24.0,30,1303.3115
-3.0,30,1305.890603
-14.0,30,1308.634857
-6.0,30,1311.086007
-30.0,30,1313.597389
-30.0,30,1316.097275
-10.0,30,1318.620679
-10.0,30,1321.566733
-3.0,30,1324.176088
-10.0,30,1326.827866
-4.0,30,1329.3103
-30.0,30,1332.034559
-6.0,30,1334.537545
-30.0,30,1336.946786
-10.0,30,1339.664436
-9.0,30,1342.395533
-30.0,30,1344.848234
-5.0,30,1347.447394
-30.0,30,1350.048748
-22.0,30,1352.745807
-30.0,30,1355.224689
-30.0,30,1357.633312
-13.0,30,1360.448103
-4.0,30,1362.871246
-10.0,30,1365.341335
-30.0,30,1367.782511
-30.0,30,1370.391197
-17.0,30,1373.064792
-30.0,30,1375.646006
-28.0,30,1378.326223
-30.0,30,1380.918179
-30.0,30,1383.461586
-30.0,30,1386.294642
-11.0,30,1389.103876
-14.0,30,1391.931517
-30.0,30,1394.425343
-30.0,30,1396.838177
-3.0,30,1399.262825
-30.0,30,1402.01346
-11.0,30,1404.727218
-30.0,30,1407.125876
-5.0,30,1409.642709
-30.0,30,1412.147285
-8.0,30,1414.723352
-30.0,30,1417.326407
-30.0,30,1419.759279
-30.0,30,1422.368578
-30.0,30,1424.980708
-8.0,30,1427.679991
-30.0,30,1430.244212
-30.0,30,1432.784924
-30.0,30,1435.454285
-14.0,30,1438.032744
-15.0,30,1440.778209
-5.0,30,1443.31663
-30.0,30,1445.824343
-14.0,30,1448.613991
-30.0,30,1451.197825
-10.0,30,1453.858284
-4.0,30,1456.335001
-30.0,30,1459.024345
-8.0,30,1461.75646
-30.0,30,1464.392905
-30.0,30,1467.047079
-7.0,30,1469.622874
-7.0,30,1472.271485
-9.0,30,1475.068311
-12.0,30,1477.708792
-30.0,30,1480.144203
-30.0,30,1482.771096
-8.0,30,1485.472538
-30.0,30,1488.023955
-8.0,30,1490.788205
-30.0,30,1493.395092
-12.0,30,1495.996813
-7.0,30,1498.678814
-30.0,30,1501.187332
-4.0,30,1503.754524
-8.0,30,1506.303495
-9.0,30,1508.90719
-6.0,30,1511.475537
-30.0,30,1514.008181
-4.0,30,1516.485503
-10.0,30,1519.121085
-29.0,30,1521.825883
-9.0,30,1524.458732
-30.0,30,1526.994014
-30.0,30,1529.69615
-30.0,30,1532.159489
-30.0,30,1534.543812
-9.0,30,1536.939567
-30.0,30,1539.438318
-30.0,30,1541.954885
-30.0,30,1544.548743
-30.0,30,1546.954051
-6.0,30,1549.433705
-30.0,30,1551.916868
-6.0,30,1554.554594
-7.0,30,1557.277065
-30.0,30,1559.884629
-30.0,30,1562.330106
-8.0,30,1564.987261
-5.0,30,1567.398762
-30.0,30,1569.837295
-30.0,30,1572.419823
-30.0,30,1574.982944
-30.0,30,1577.510152
-2.0,30,1580.06488
-30.0,30,1582.523226
-30.0,30,1585.121149
-30.0,30,1587.690731
-30.0,30,1590.235394
-30.0,30,1592.735564
-30.0,30,1595.275405
-30.0,30,1597.903167
-30.0,30,1600.481441
-26.0,30,1603.022467
-30.0,30,1605.620217
-13.0,30,1608.06938
-30.0,30,1610.68184
-17.0,30,1613.213197
-29.0,30,1615.796242
-30.0,30,1618.420059
-30.0,30,1621.0667
-10.0,30,1623.515165
-7.0,30,1626.081191
-30.0,30,1628.537246
-5.0,30,1631.155793
-8.0,30,1633.725516
-30.0,30,1636.422533
-9.0,30,1639.147479
-30.0,30,1641.751577
-5.0,30,1644.158369
-30.0,30,1646.725941
-30.0,30,1649.412713
-30.0,30,1651.953305
-30.0,30,1654.564788
-20.0,30,1657.184993
-10.0,30,1659.735491
-30.0,30,1662.285076
-8.0,30,1664.839077
-5.0,30,1667.406051
-24.0,30,1670.038665
-4.0,30,1672.609437
-8.0,30,1675.507352
-14.0,30,1678.149289
-10.0,30,1680.755907
-30.0,30,1683.311584
-30.0,30,1690.296917
-30.0,30,1692.803127
-30.0,30,1695.406875
-30.0,30,1697.968549
-8.0,30,1700.529056
-9.0,30,1702.905176
-30.0,30,1705.464511
-8.0,30,1708.018511
-30.0,30,1710.572603
-9.0,30,1713.075012
-30.0,30,1715.708093
-30.0,30,1718.257481
-30.0,30,1720.745424
-8.0,30,1723.338568
-30.0,30,1726.015836
-30.0,30,1728.495919
-30.0,30,1731.13279
-30.0,30,1733.59906
-30.0,30,1736.027358
-30.0,30,1738.606039
-30.0,30,1741.313275
-6.0,30,1744.045781
-30.0,30,1746.700511
-8.0,30,1749.544313
-30.0,30,1752.10148
-8.0,30,1754.650541
-30.0,30,1757.143161
-30.0,30,1759.724345
-9.0,30,1762.397571
-30.0,30,1764.785476
-30.0,30,1767.38884
-30.0,30,1770.086088
-6.0,30,1772.690988
-30.0,30,1775.11137
-30.0,30,1777.782044
-30.0,30,1780.340363
-5.0,30,1782.714972
-30.0,30,1785.486825
-30.0,30,1787.910624
-14.0,30,1790.455892
-30.0,30,1793.037757
-4.0,30,1795.677409
-30.0,30,1798.118685
-12.0,30,1800.801471
-30.0,30,1803.452667
-30.0,30,1805.997069
-30.0,30,1808.541283
-30.0,30,1811.157415
-30.0,30,1813.752214
-30.0,30,1816.33154
-30.0,30,1818.790479
-10.0,30,1821.436827
-10.0,30,1824.122232
-11.0,30,1826.628484
-7.0,30,1829.315545
-30.0,30,1831.833981
-9.0,30,1834.485859
-12.0,30,1837.277472
-30.0,30,1839.958552
-30.0,30,1842.362398
-5.0,30,1844.892529
-30.0,30,1847.50361
-30.0,30,1850.103644
-30.0,30,1852.662184
-30.0,30,1855.153002
-4.0,30,1857.630793
-9.0,30,1860.250732
-30.0,30,1862.805758
-7.0,30,1865.457174
-10.0,30,1868.013742
-30.0,30,1870.595902
-30.0,30,1873.130119
-30.0,30,1875.665824
-5.0,30,1878.192035
-30.0,30,1880.609443
-30.0,30,1883.171264
-30.0,30,1885.625461
-30.0,30,1888.378386
-30.0,30,1890.865314
-30.0,30,1893.419347
-30.0,30,1895.953009
-9.0,30,1898.65807
-30.0,30,1901.17154
-30.0,30,1903.715774
-30.0,30,1906.31253
-30.0,30,1908.767101
-30.0,30,1911.330286
-30.0,30,1913.882366
-30.0,30,1916.367579
-6.0,30,1918.991677
-3.0,30,1921.631002
-6.0,30,1924.104654
-12.0,30,1926.768806
-8.0,30,1929.460127
-30.0,30,1932.02293
-9.0,30,1934.478999
-30.0,30,1937.06852
-30.0,30,1939.597908
-30.0,30,1942.083695
-30.0,30,1944.688315
-30.0,30,1947.197294
-10.0,30,1949.694476
-30.0,30,1952.226668
-6.0,30,1954.810832
-30.0,30,1957.426112
-30.0,30,1960.093745
-17.0,30,1962.578633
-30.0,30,1965.297275
-30.0,30,1967.962637
-30.0,30,1970.398902
-5.0,30,1972.967731
-30.0,30,1975.642394
-5.0,30,1978.288938
-30.0,30,1980.787617
-9.0,30,1983.292499
-30.0,30,1986.02033
-14.0,30,1988.417904
-4.0,30,1990.910051
-30.0,30,1993.563423
-30.0,30,1996.157502
-4.0,30,1998.725677
-5.0,30,2001.256091
-30.0,30,2003.759804
-11.0,30,2006.538167
-30.0,30,2008.951783
-12.0,30,2011.34609
-30.0,30,2013.865591
-30.0,30,2016.261297
-30.0,30,2018.8962
-6.0,30,2021.466944
-9.0,30,2023.982873
-30.0,30,2026.739509
-6.0,30,2029.274808
-30.0,30,2031.856016
-30.0,30,2034.582348
-10.0,30,2037.175149
-8.0,30,2039.619455
-30.0,30,2042.300229
-30.0,30,2044.812056
-30.0,30,2047.419201
-9.0,30,2050.035436
-7.0,30,2052.554247
-30.0,30,2055.196309
-30.0,30,2057.742709
-30.0,30,2060.308802
-30.0,30,2063.122171
-13.0,30,2065.893823
-30.0,30,2068.47991
-30.0,30,2071.376243
-6.0,30,2073.978159
-30.0,30,2076.535528
-30.0,30,2079.054701
-10.0,30,2081.77598
-30.0,30,2084.360668
-7.0,30,2087.090459
-30.0,30,2089.471557
-7.0,30,2092.028476
-11.0,30,2094.534229
-30.0,30,2096.946762
-30.0,30,2099.787845
-30.0,30,2102.401332
-30.0,30,2104.928672
-10.0,30,2107.418009
-30.0,30,2110.034453
-30.0,30,2112.646268
-30.0,30,2115.162905
-30.0,30,2117.707602
-30.0,30,2120.400308
-30.0,30,2123.228266
-4.0,30,2125.798324
-25.0,30,2128.594391
-30.0,30,2131.063348
-6.0,30,2133.593836
-21.0,30,2136.116423
-4.0,30,2138.858715
-8.0,30,2141.620951
-7.0,30,2144.278458
-30.0,30,2146.767532
-30.0,30,2149.576346
-6.0,30,2152.03459
-30.0,30,2154.546042
-3.0,30,2157.129172
-5.0,30,2159.603668
-30.0,30,2162.208088
-8.0,30,2164.690813
-8.0,30,2167.336795
-11.0,30,2169.993668
-30.0,30,2172.64013
-30.0,30,2175.471928
-18.0,30,2178.200035
-30.0,30,2180.714928
-30.0,30,2183.243896
-6.0,30,2185.790489
-9.0,30,2188.270101
-7.0,30,2190.636584
-30.0,30,2193.184794
-30.0,30,2195.76072
-30.0,30,2198.228759
-30.0,30,2200.945941
-30.0,30,2203.492529
-30.0,30,2206.057078
-6.0,30,2208.627706
-10.0,30,2211.232215
-30.0,30,2213.702149
-9.0,30,2216.524829
-5.0,30,2219.193804
-30.0,30,2221.646229
-30.0,30,2224.120956
-30.0,30,2226.60297
-9.0,30,2229.176242
-30.0,30,2231.761659
-30.0,30,2234.356004
-30.0,30,2237.027853
-16.0,30,2239.648019
-30.0,30,2242.323325
-30.0,30,2244.777754
-30.0,30,2247.33942
-30.0,30,2249.921046
-30.0,30,2252.42004
-13.0,30,2255.191919
-30.0,30,2257.7211
-4.0,30,2260.308959
-30.0,30,2262.885032
-6.0,30,2265.662908
-30.0,30,2268.274265
-30.0,30,2270.807368
-30.0,30,2273.377742
-13.0,30,2276.008466
-7.0,30,2278.701538
-16.0,30,2281.362848
-30.0,30,2283.888474
-8.0,30,2286.649887
-6.0,30,2289.132612
-30.0,30,2291.96861
-13.0,30,2294.568148
-30.0,30,2297.421987
-30.0,30,2300.032204
-30.0,30,2302.594935
-30.0,30,2305.148164
-30.0,30,2307.629293
-10.0,30,2310.193239
-5.0,30,2312.767193
-30.0,30,2315.558281
-30.0,30,2318.068519
-30.0,30,2320.602711
-8.0,30,2323.066155
-30.0,30,2325.475261
-14.0,30,2328.22486
-30.0,30,2330.827352
-30.0,30,2333.232948
-30.0,30,2335.866912
-8.0,30,2338.354355
-10.0,30,2340.782068
-30.0,30,2343.428643
-30.0,30,2346.077372
-30.0,30,2348.592687
-30.0,30,2351.221104
-4.0,30,2353.77714
-7.0,30,2356.553396
-7.0,30,2359.1679
-30.0,30,2361.725645
-4.0,30,2364.247886
-30.0,30,2366.634865
-30.0,30,2369.393883
-30.0,30,2371.947291
-30.0,30,2374.524762
-30.0,30,2376.954647
-4.0,30,2379.366447
-30.0,30,2381.943172
-4.0,30,2384.395037
-6.0,30,2387.053702
-6.0,30,2389.644557
-12.0,30,2392.251289
-5.0,30,2394.801493
-5.0,30,2397.346066
-30.0,30,2399.870477
-30.0,30,2402.487245
-7.0,30,2405.239926
-30.0,30,2407.82325
-11.0,30,2410.204677
-30.0,30,2412.81847
-27.0,30,2415.479231
-9.0,30,2418.005268
-30.0,30,2420.577559
-8.0,30,2423.268231
-12.0,30,2425.711425
-30.0,30,2428.207595
-30.0,30,2430.842915
-9.0,30,2433.449809
-30.0,30,2435.95298
-30.0,30,2438.41828
-30.0,30,2440.84261
-8.0,30,2443.495812
-10.0,30,2446.135653
-10.0,30,2448.806569
-30.0,30,2451.41809
-30.0,30,2453.934361
-3.0,30,2456.458144
-30.0,30,2458.997784
-30.0,30,2461.441544
-30.0,30,2463.891021
-30.0,30,2466.651242
-30.0,30,2469.444548
-8.0,30,2472.182435
-30.0,30,2474.740828
-6.0,30,2477.315927
-30.0,30,2479.779516
-30.0,30,2482.560755
-30.0,30,2485.111151
-30.0,30,2487.769493
-30.0,30,2490.27677
-6.0,30,2492.842097
-5.0,30,2495.443321
-30.0,30,2497.944006
-30.0,30,2500.461329
-8.0,30,2503.043026
-30.0,30,2505.441341
-30.0,30,2507.958744
-30.0,30,2510.42937
-9.0,30,2513.047193
-30.0,30,2515.754147
-3.0,30,2518.204616
-11.0,30,2520.742332
-9.0,30,2523.404056
-30.0,30,2525.932645
-14.0,30,2528.694335
-18.0,30,2531.350951
-30.0,30,2533.931807
-30.0,30,2536.589002
-30.0,30,2539.106669
-30.0,30,2541.664343
-30.0,30,2544.271145
-30.0,30,2546.844157
-12.0,30,2549.645205
-7.0,30,2556.391597
-13.0,30,2559.101724
-30.0,30,2561.682191
-30.0,30,2564.20439
-8.0,30,2566.803148
-10.0,30,2569.681342
-30.0,30,2572.278937
-30.0,30,2574.692251
-30.0,30,2577.288272
-30.0,30,2579.739893
-24.0,30,2582.359163
-7.0,30,2584.770312
-3.0,30,2587.35627
-11.0,30,2589.822188
-5.0,30,2592.424056
-5.0,30,2594.985466
-8.0,30,2597.761234
-30.0,30,2600.26148
-20.0,30,2602.966956
-30.0,30,2605.521768
-30.0,30,2608.151888
-30.0,30,2610.784402
-7.0,30,2613.353239
-6.0,30,2616.010925
-30.0,30,2618.519366
-5.0,30,2621.149168
-30.0,30,2623.84333
-3.0,30,2626.459703
-10.0,30,2628.91654
-30.0,30,2631.35396
-7.0,30,2633.932721
-6.0,30,2636.475208
-4.0,30,2638.883574
-30.0,30,2641.311139
-15.0,30,2643.902094
-5.0,30,2646.359262
-25.0,30,2649.060329
-9.0,30,2651.929143
-10.0,30,2654.420244
-11.0,30,2657.179143
-30.0,30,2659.571305
-10.0,30,2662.158686
-30.0,30,2664.713273
-11.0,30,2667.564548
-3.0,30,2670.101715
-6.0,30,2672.515638
-30.0,30,2674.977854
-11.0,30,2677.605365
-30.0,30,2680.021195
-30.0,30,2682.489471
-30.0,30,2684.960858
-30.0,30,2687.454352
-30.0,30,2690.04544
-30.0,30,2692.681899
-8.0,30,2695.358844
-5.0,30,2697.907908
-14.0,30,2700.482317
-8.0,30,2703.115429
-9.0,30,2705.639164
-30.0,30,2708.192748
-7.0,30,2710.976319
-7.0,30,2713.673768
-30.0,30,2716.352734
-30.0,30,2718.938046
-30.0,30,2721.544797
-6.0,30,2724.115378
-15.0,30,2726.668026
-8.0,30,2729.449884
-9.0,30,2732.03888
-30.0,30,2734.514531
-6.0,30,2737.071832
-8.0,30,2739.968567
-30.0,30,2742.371018
-8.0,30,2745.052091
-30.0,30,2747.703803
-30.0,30,2750.399075
-4.0,30,2752.883266
-4.0,30,2755.389596
-30.0,30,2758.049999
-30.0,30,2760.786616
-30.0,30,2763.362746
-3.0,30,2765.980083
-30.0,30,2768.654169
-4.0,30,2771.188422
-5.0,30,2773.617453
-30.0,30,2776.194379
-11.0,30,2778.620418
-30.0,30,2781.159852
-21.0,30,2784.040323
-7.0,30,2786.558311
-12.0,30,2789.087037
-30.0,30,2791.693688
-8.0,30,2794.215274
-30.0,30,2797.018641
-30.0,30,2799.459069
-10.0,30,2802.018061
-30.0,30,2804.484545
-30.0,30,2806.987645
-30.0,30,2809.487493
-30.0,30,2812.010098
-15.0,30,2814.571976
-30.0,30,2817.000378
-6.0,30,2819.602906
-30.0,30,2822.19398
-30.0,30,2824.816148
-9.0,30,2827.635432
-8.0,30,2830.227879
-8.0,30,2832.784374
-6.0,30,2835.346243
-6.0,30,2837.796538
-30.0,30,2840.352118
-10.0,30,2843.08534
-30.0,30,2845.727085
-30.0,30,2848.592615
-30.0,30,2851.192918
-30.0,30,2853.610569
-30.0,30,2856.190977
-8.0,30,2858.843683
-8.0,30,2861.522968
-14.0,30,2863.964829
-30.0,30,2866.559254
-12.0,30,2869.395745
-13.0,30,2872.060682
-30.0,30,2874.739135
-4.0,30,2877.478729
-30.0,30,2880.088554
-11.0,30,2882.749442
-30.0,30,2885.316039
-30.0,30,2887.736971
-30.0,30,2890.244796
-30.0,30,2892.821726
-10.0,30,2895.297891
-9.0,30,2897.822013
-8.0,30,2900.488045
-30.0,30,2903.110565
-30.0,30,2905.627208
-30.0,30,2908.209303
-6.0,30,2910.842487
-30.0,30,2913.380405
-6.0,30,2915.850938
-9.0,30,2918.327258
-30.0,30,2920.897167
-15.0,30,2923.464313
-4.0,30,2926.005683
-8.0,30,2928.605214
-9.0,30,2931.229531
-30.0,30,2933.674497
-7.0,30,2936.132183
-30.0,30,2938.655077
-30.0,30,2941.247974
-8.0,30,2943.942397
-30.0,30,2946.657799
-30.0,30,2949.278131
-8.0,30,2951.995097
-4.0,30,2954.740253
-30.0,30,2957.263871
-30.0,30,2959.789093
-13.0,30,2962.544169
-10.0,30,2965.183312
-30.0,30,2967.779878
-30.0,30,2970.347309
-12.0,30,2973.126607
-7.0,30,2975.676359
-11.0,30,2978.367324
-30.0,30,2980.841236
-30.0,30,2983.372448
-30.0,30,2985.915689
-8.0,30,2988.562386
-15.0,30,2991.136608
-7.0,30,2993.841781
-15.0,30,2996.517972
-30.0,30,2999.15315
-11.0,30,3001.819607
-30.0,30,3004.345518
-8.0,30,3007.133153
-30.0,30,3009.804342
-30.0,30,3012.362098
-7.0,30,3014.868725
-30.0,30,3017.421456
-11.0,30,3020.0594
-8.0,30,3022.765211
-30.0,30,3025.272315
-3.0,30,3027.831805
-7.0,30,3030.292053
-8.0,30,3033.068203
-9.0,30,3035.715761
-30.0,30,3038.282835
-30.0,30,3040.798531
-30.0,30,3043.45233
-9.0,30,3046.012935
-6.0,30,3048.623714
-30.0,30,3051.034541
-30.0,30,3053.743567
-30.0,30,3056.31004
-9.0,30,3058.936877
-3.0,30,3061.480353
-30.0,30,3064.093704
-7.0,30,3066.792264
-10.0,30,3069.665601
-30.0,30,3072.19899
-30.0,30,3074.830363
-30.0,30,3077.380498
-30.0,30,3079.86674
-8.0,30,3082.525258
-9.0,30,3085.075307
-30.0,30,3087.625666
-30.0,30,3090.243293
-10.0,30,3092.841535
-30.0,30,3095.440063
-7.0,30,3097.994316
-7.0,30,3100.609864
-11.0,30,3103.341032
-30.0,30,3105.90526
-8.0,30,3108.442044
-30.0,30,3110.904583
-30.0,30,3113.447852
-30.0,30,3116.004685
-2.0,30,3118.638152
-11.0,30,3121.380948
-8.0,30,3124.000816
-30.0,30,3126.608871
-11.0,30,3129.20884
-9.0,30,3131.966147
-30.0,30,3134.469053
-7.0,30,3136.985366
-30.0,30,3139.608426
-5.0,30,3142.214636
-30.0,30,3144.730571
-12.0,30,3147.3713
-10.0,30,3150.199629
-7.0,30,3152.899727
-10.0,30,3155.590443
-30.0,30,3158.136929
-30.0,30,3160.695949
-30.0,30,3163.302301
-30.0,30,3166.059324
-4.0,30,3168.530774
-30.0,30,3171.124983
-7.0,30,3173.948048
-9.0,30,3176.70506
-30.0,30,3179.310349
-30.0,30,3181.836659
-30.0,30,3184.260881
-11.0,30,3186.878143
-30.0,30,3189.50385
-30.0,30,3192.175923
-30.0,30,3194.773847
-30.0,30,3197.39939
-8.0,30,3199.998796
-30.0,30,3202.774594
-30.0,30,3205.273024
-8.0,30,3207.837989
-30.0,30,3210.514537
-8.0,30,3213.230806
-12.0,30,3216.09297
-30.0,30,3218.83772
-9.0,30,3221.555198
-9.0,30,3224.026309
-30.0,30,3226.548028
-11.0,30,3229.358833
-9.0,30,3231.908648
-13.0,30,3234.538342
-9.0,30,3237.109828
-30.0,30,3239.850222
-30.0,30,3242.282059
-30.0,30,3244.815052
-30.0,30,3247.372689
-30.0,30,3249.87069
-30.0,30,3252.440585
-30.0,30,3255.073564
-10.0,30,3257.543194
-30.0,30,3260.34488
-14.0,30,3263.248044
-2.0,30,3265.795401
-30.0,30,3268.449961
-30.0,30,3271.204244
-8.0,30,3273.812906
-30.0,30,3276.479499
-30.0,30,3279.109141
-30.0,30,3281.594826
-30.0,30,3284.231033
-7.0,30,3286.910279
-30.0,30,3289.470653
-30.0,30,3292.007857
-30.0,30,3294.542165
-30.0,30,3297.102629
-13.0,30,3299.629866
-30.0,30,3302.123497
-10.0,30,3304.750563
-30.0,30,3307.298436
-30.0,30,3309.862067
-30.0,30,3312.458725
-12.0,30,3314.993264
-30.0,30,3317.470675
-30.0,30,3319.878181
-30.0,30,3322.4252
-30.0,30,3325.033704
-8.0,30,3327.738706
-7.0,30,3330.398376
-7.0,30,3333.052998
-22.0,30,3335.654915
-30.0,30,3338.30018
-7.0,30,3340.898485
-16.0,30,3343.478263
-30.0,30,3345.927684
-9.0,30,3348.436859
-30.0,30,3350.977156
-30.0,30,3353.395461
-30.0,30,3355.990416
-9.0,30,3358.528138
-30.0,30,3361.039618
-7.0,30,3363.656479
-30.0,30,3366.264276
-30.0,30,3368.849308
-30.0,30,3371.408173
-6.0,30,3373.911062
-30.0,30,3376.459356
-11.0,30,3378.975478
-9.0,30,3381.566421
-10.0,30,3384.446705
-30.0,30,3386.909855
-30.0,30,3389.745484
-11.0,30,3392.304761
-30.0,30,3394.977041
-30.0,30,3397.57337
-30.0,30,3399.960813
-30.0,30,3402.387755
-3.0,30,3405.048061
-30.0,30,3407.627655
-30.0,30,3410.10557
-30.0,30,3412.682024
-30.0,30,3415.306128
-8.0,30,3417.717458
-30.0,30,3424.657011
-30.0,30,3427.276798
-8.0,30,3429.788476
-30.0,30,3432.381669
-30.0,30,3434.943707
-7.0,30,3437.579425
-30.0,30,3440.135656
-30.0,30,3442.7301
-9.0,30,3445.370235
-3.0,30,3447.781599
-30.0,30,3450.293035
-9.0,30,3452.891741
-30.0,30,3455.449419
-8.0,30,3458.109234
-13.0,30,3460.648816
-30.0,30,3463.138104
-30.0,30,3465.770344
-30.0,30,3468.205543
-8.0,30,3470.764792
-30.0,30,3473.259915
-30.0,30,3475.801828
-8.0,30,3478.567025
-30.0,30,3481.205966
-8.0,30,3483.927062
-6.0,30,3486.394955
-5.0,30,3488.885021
-30.0,30,3491.384017
-30.0,30,3493.99698
-8.0,30,3496.634438
-30.0,30,3499.21493
-30.0,30,3501.829883
-10.0,30,3504.466626
-30.0,30,3507.093424
-30.0,30,3509.479459
-12.0,30,3512.140356
-30.0,30,3514.751472
-9.0,30,3517.449562
-5.0,30,3519.972291
-30.0,30,3522.503481
-9.0,30,3525.035776
-30.0,30,3527.612751
-28.0,30,3530.304582
-10.0,30,3533.217879
-30.0,30,3535.71826
-30.0,30,3538.262308
-5.0,30,3540.665133
-30.0,30,3543.268202
-13.0,30,3545.823013
-8.0,30,3548.647282
-30.0,30,3551.236864
-7.0,30,3553.887434
-11.0,30,3556.643764
-30.0,30,3559.379743
-7.0,30,3561.962829
-30.0,30,3564.343756
-9.0,30,3566.99683
-30.0,30,3569.5424
-30.0,30,3572.148275
-6.0,30,3574.719491
-8.0,30,3577.324451
-30.0,30,3579.75784
-30.0,30,3582.046096
-30.0,30,3584.690172
-30.0,30,3587.154307
-25.0,30,3589.91674
-4.0,30,3592.578791
-8.0,30,3595.018526
-30.0,30,3597.668597
-30.0,30,3600.297871
-30.0,30,3602.812557
-8.0,30,3605.492805
-30.0,30,3608.153691
-30.0,30,3610.490883
-12.0,30,3613.09924
-8.0,30,3615.790483
-30.0,30,3618.344826
-30.0,30,3621.113314
-10.0,30,3623.857747
-30.0,30,3626.474159
-6.0,30,3629.095839
-6.0,30,3631.656954
-11.0,30,3634.177444
-9.0,30,3636.757346
-19.0,30,3639.642006
-30.0,30,3642.193815
-9.0,30,3644.630448
-30.0,30,3647.325558
-10.0,30,3649.912562
-30.0,30,3652.273181
-30.0,30,3654.778281
-30.0,30,3657.368619
-8.0,30,3660.012172
-30.0,30,3662.700816
-12.0,30,3665.462936
-10.0,30,3668.103056
-30.0,30,3671.005403
-30.0,30,3673.465451
-6.0,30,3676.160202
-12.0,30,3678.961476
-30.0,30,3681.702134
-7.0,30,3684.22242
-30.0,30,3686.851085
-30.0,30,3689.63447
-7.0,30,3692.44943
-7.0,30,3694.985562
-30.0,30,3697.508785
-30.0,30,3700.009278
-12.0,30,3702.794348
-30.0,30,3705.446072
-30.0,30,3707.938906
-30.0,30,3710.50543
-9.0,30,3713.090534
-30.0,30,3715.791126
-30.0,30,3718.34621
-30.0,30,3720.86183
-7.0,30,3723.617109
-30.0,30,3726.102543
-12.0,30,3728.612987
-7.0,30,3731.29494
-2.0,30,3733.773355
-30.0,30,3736.142319
-6.0,30,3738.566419
-30.0,30,3741.301334
-30.0,30,3743.838927
-10.0,30,3746.615992
-30.0,30,3749.219341
-30.0,30,3751.84286
-7.0,30,3754.367079
-30.0,30,3756.960447
-30.0,30,3759.594434
-7.0,30,3762.442072
-30.0,30,3765.05628
-5.0,30,3767.658773
-30.0,30,3770.549106
-6.0,30,3773.175193
-9.0,30,3775.779638
-10.0,30,3778.462301
-12.0,30,3781.362239
-30.0,30,3784.007195
-30.0,30,3786.760554
-15.0,30,3789.626358
-6.0,30,3792.372825
-30.0,30,3794.954803
-30.0,30,3797.396181
-9.0,30,3800.216982
-5.0,30,3802.825457
-9.0,30,3805.530254
-30.0,30,3808.077142
-6.0,30,3810.606247
-13.0,30,3813.247359
-30.0,30,3815.738358
-30.0,30,3818.336786
-30.0,30,3821.07251
-30.0,30,3823.683564
-10.0,30,3826.509678
-30.0,30,3828.998282
-6.0,30,3831.458524
-30.0,30,3833.970719
-22.0,30,3836.600333
-30.0,30,3839.246969
-30.0,30,3841.762394
-11.0,30,3844.219512
-10.0,30,3846.66923
-30.0,30,3849.253886
-30.0,30,3851.708558
-30.0,30,3854.248537
-30.0,30,3856.6991
-30.0,30,3859.189418
-6.0,30,3861.738156
-12.0,30,3864.351403
-9.0,30,3867.275359
-30.0,30,3869.830984
-30.0,30,3872.330124
-30.0,30,3874.752831
-30.0,30,3877.635182
-8.0,30,3880.400367
-30.0,30,3882.888602
-30.0,30,3885.436187
-5.0,30,3888.109007
-30.0,30,3890.70612
-30.0,30,3893.441521
-30.0,30,3896.035292
-15.0,30,3898.803959
-30.0,30,3901.478585
-11.0,30,3904.405041
-30.0,30,3906.920203
-30.0,30,3909.440609
-30.0,30,3911.886541
-30.0,30,3914.534023
-30.0,30,3917.251983
-30.0,30,3919.798648
-30.0,30,3922.462837
-30.0,30,3924.930386
-9.0,30,3927.501117
-11.0,30,3929.938126
-30.0,30,3932.613214
-4.0,30,3935.113869
-30.0,30,3937.634223
-3.0,30,3940.147721
-9.0,30,3942.878609
-5.0,30,3945.394511
-30.0,30,3947.852172
-30.0,30,3950.332397
-4.0,30,3952.917558
-30.0,30,3955.519967
-30.0,30,3958.065817
-30.0,30,3960.465496
-30.0,30,3962.913313
-30.0,30,3965.550485
-30.0,30,3968.066747
-10.0,30,3970.395791
-6.0,30,3973.019515
-14.0,30,3975.784021
-8.0,30,3978.673712
-30.0,30,3981.253599
-5.0,30,3983.865652
-4.0,30,3986.542796
-7.0,30,3989.152357
-30.0,30,3991.70517
-30.0,30,3994.316006
-30.0,30,3996.910129
-10.0,30,3999.413984
-30.0,30,4001.912164
-30.0,30,4004.562548
-3.0,30,4007.12685
-30.0,30,4009.641248
-30.0,30,4012.415324
-30.0,30,4014.97231
-15.0,30,4017.679523
-30.0,30,4020.253032
-6.0,30,4022.838201
-30.0,30,4025.363163
-12.0,30,4028.015589
-9.0,30,4030.937976
-30.0,30,4033.777082
-11.0,30,4036.48413
-12.0,30,4039.02862
-30.0,30,4041.510008
-4.0,30,4044.212777
-30.0,30,4046.743084
-30.0,30,4049.322367
-7.0,30,4051.889063
-30.0,30,4054.297385
-30.0,30,4056.796058
-8.0,30,4059.451504
-30.0,30,4062.034014
-30.0,30,4064.598987
-30.0,30,4067.167126
-30.0,30,4069.753732
-5.0,30,4072.346068
-30.0,30,4074.923104
-14.0,30,4077.562121
-30.0,30,4080.087243
-30.0,30,4082.543817
-6.0,30,4085.136499
-5.0,30,4087.685417
-11.0,30,4090.436855
-30.0,30,4092.848933
-7.0,30,4095.351752
-2.0,30,4098.06771
-5.0,30,4100.580703
-30.0,30,4102.921279
-30.0,30,4105.435849
-30.0,30,4107.888927
-30.0,30,4110.225734
-30.0,30,4112.73507
-30.0,30,4115.289516
-30.0,30,4117.623762
-30.0,30,4120.035155
-10.0,30,4122.318245
-14.0,30,4124.714022
-30.0,30,4127.132751
-10.0,30,4129.742171
-8.0,30,4132.214669
-30.0,30,4134.53861
-8.0,30,4137.004266
-6.0,30,4139.394662
-30.0,30,4141.826893
-30.0,30,4144.222064
-30.0,30,4146.754426
-11.0,30,4149.338757
-30.0,30,4151.966226
-5.0,30,4154.310334
-30.0,30,4156.803172
-30.0,30,4159.147512
-30.0,30,4161.410766
-8.0,30,4163.886937
-30.0,30,4166.545912
-30.0,30,4168.907416
-30.0,30,4171.315567
-6.0,30,4173.882175
-7.0,30,4176.34737
-30.0,30,4178.732858
-11.0,30,4181.296921
-30.0,30,4183.709731
-30.0,30,4186.024173
-8.0,30,4188.699826
-6.0,30,4191.177883
-30.0,30,4193.540311
-4.0,30,4195.993226
-30.0,30,4198.525541
-8.0,30,4200.913409
-4.0,30,4203.362472
-9.0,30,4205.78119
-30.0,30,4208.135793
-30.0,30,4210.667023
-30.0,30,4213.018371
-30.0,30,4215.463927
-9.0,30,4217.976351
-30.0,30,4220.554673
-30.0,30,4222.928431
-30.0,30,4225.315283
-18.0,30,4227.983257
-30.0,30,4230.397954
-30.0,30,4232.73978
-30.0,30,4235.240911
-30.0,30,4237.619619
-19.0,30,4240.236662
-30.0,30,4242.486212
-10.0,30,4244.878552
-30.0,30,4247.311859
-30.0,30,4249.808386
-30.0,30,4252.174279
-7.0,30,4254.764769
-30.0,30,4257.102716
-3.0,30,4259.603876
-30.0,30,4261.877853
-30.0,30,4264.294991
-7.0,30,4266.557533
-12.0,30,4268.917984
-7.0,30,4271.399264
-9.0,30,4273.685755
-4.0,30,4276.068009
-30.0,30,4282.802187
-9.0,30,4285.246141
-30.0,30,4287.564357
-30.0,30,4290.139494
-13.0,30,4292.746014
-30.0,30,4295.109118
-10.0,30,4297.828388
-9.0,30,4300.239343
-7.0,30,4302.647634
-30.0,30,4305.021816
-7.0,30,4307.532042
-30.0,30,4309.903271
-30.0,30,4312.31269
-30.0,30,4314.640728
-30.0,30,4317.012056
-11.0,30,4319.687123
-30.0,30,4322.032492
-3.0,30,4324.555069
-30.0,30,4326.933954
-7.0,30,4329.422374
-30.0,30,4331.746407
-30.0,30,4334.036283
-30.0,30,4336.431072
-9.0,30,4339.04151
-30.0,30,4341.414235
-30.0,30,4343.902941
-30.0,30,4346.301468
-30.0,30,4348.664057
-30.0,30,4351.131917
-30.0,30,4353.544019
-3.0,30,4356.06485
-11.0,30,4358.424306
-30.0,30,4360.824391
-10.0,30,4363.491953
-30.0,30,4365.829524
-30.0,30,4368.430014
-10.0,30,4370.990825
-12.0,30,4373.633349
-7.0,30,4376.029454
-6.0,30,4378.408911
-11.0,30,4380.93626
-9.0,30,4383.610631
-10.0,30,4386.155288
-30.0,30,4388.597578
-30.0,30,4391.025958
-30.0,30,4393.372408
-12.0,30,4396.092388
-30.0,30,4398.507941
-7.0,30,4400.867792
-30.0,30,4403.239585
-30.0,30,4405.763327
-7.0,30,4408.132807
-10.0,30,4410.470186
-30.0,30,4412.788308
-30.0,30,4415.082761
-7.0,30,4417.503644
-24.0,30,4419.96572
-30.0,30,4422.368452
-9.0,30,4424.99165
-7.0,30,4427.441475
-18.0,30,4429.897195
-5.0,30,4432.256932
-9.0,30,4434.916283
-30.0,30,4437.241829
-30.0,30,4439.642593
-30.0,30,4442.064091
-30.0,30,4444.562973
-9.0,30,4447.144175
-13.0,30,4449.608386
-30.0,30,4451.959294
-4.0,30,4454.266011
-9.0,30,4456.605047
-30.0,30,4459.047383
-30.0,30,4461.472684
-30.0,30,4463.842942
-7.0,30,4466.209099
-30.0,30,4468.651957
-11.0,30,4471.096223
-30.0,30,4473.508982
-30.0,30,4475.90166
-30.0,30,4478.305963
-4.0,30,4480.668422
-30.0,30,4482.991753
-30.0,30,4485.486289
-3.0,30,4487.953946
-3.0,30,4490.454161
-26.0,30,4492.883591
-2.0,30,4495.294631
-30.0,30,4497.860144
-12.0,30,4500.260208
-30.0,30,4502.760755
-6.0,30,4505.225874
-7.0,30,4507.640404
-30.0,30,4509.974893
-30.0,30,4512.430098
-11.0,30,4514.802042
-3.0,30,4517.149339
-9.0,30,4519.629934
-30.0,30,4521.932564
-8.0,30,4524.597252
-8.0,30,4526.937324
-30.0,30,4529.499841
-11.0,30,4531.900789
-9.0,30,4534.271439
-5.0,30,4536.639499
-30.0,30,4539.064353
-30.0,30,4541.355624
-30.0,30,4543.697182
-8.0,30,4546.187228
-7.0,30,4548.660614
-30.0,30,4551.100012
-30.0,30,4553.5657
-11.0,30,4556.271947
-11.0,30,4558.790388
-30.0,30,4561.081198
-11.0,30,4563.5481
-7.0,30,4566.045466
-8.0,30,4568.657021
-11.0,30,4571.398618
-30.0,30,4573.837501
-30.0,30,4576.301467
-7.0,30,4578.667598
-30.0,30,4581.063934
-30.0,30,4583.55019
-30.0,30,4585.805585
-30.0,30,4588.192849
-30.0,30,4590.575482
-10.0,30,4593.135242
-9.0,30,4595.495336
-30.0,30,4597.898086
-30.0,30,4600.23048
-7.0,30,4602.681968
-9.0,30,4605.234656
-30.0,30,4607.748172
-30.0,30,4610.171454
-30.0,30,4612.668106
-30.0,30,4614.982589
-9.0,30,4617.477272
-30.0,30,4619.985471
-4.0,30,4622.295285
-7.0,30,4624.639233
-14.0,30,4627.158091
-12.0,30,4629.647557
-7.0,30,4632.063092
-30.0,30,4634.549789
-5.0,30,4637.033746
-30.0,30,4639.355008
-8.0,30,4641.853776
-11.0,30,4644.21245
-30.0,30,4646.572421
-8.0,30,4649.022701
-30.0,30,4651.272474
-30.0,30,4653.656928
-30.0,30,4655.990391
-6.0,30,4658.386422
-16.0,30,4660.783911
-30.0,30,4663.186764
-30.0,30,4665.446325
-8.0,30,4667.879261
-13.0,30,4670.614009
-30.0,30,4673.114879
-30.0,30,4675.568681
-30.0,30,4677.980272
-30.0,30,4680.489042
-9.0,30,4683.123148
-14.0,30,4685.597512
-3.0,30,4688.001206
-8.0,30,4690.307855
-9.0,30,4692.576228
-30.0,30,4694.956573
-9.0,30,4697.501246
-30.0,30,4699.874231
-10.0,30,4702.446037
-11.0,30,4705.009927
-30.0,30,4707.381081
-30.0,30,4709.876884
-30.0,30,4712.269428
-30.0,30,4714.517316
-6.0,30,4717.143236
-30.0,30,4719.515213
-30.0,30,4721.963905
-6.0,30,4724.497417
-3.0,30,4726.819998
-30.0,30,4729.448146
-6.0,30,4731.887707
-30.0,30,4734.228966
-5.0,30,4736.561683
-11.0,30,4739.110204
-30.0,30,4741.566685
-30.0,30,4744.305702
-10.0,30,4746.661445
-30.0,30,4749.158964
-30.0,30,4751.613944
-30.0,30,4754.092451
-30.0,30,4756.455017
-30.0,30,4758.921289
-30.0,30,4761.276369
-30.0,30,4763.720873
-30.0,30,4766.227395
-30.0,30,4768.649554
-5.0,30,4770.994767
-11.0,30,4773.310562
-30.0,30,4775.638306
-9.0,30,4778.32098
-30.0,30,4780.714633
-11.0,30,4783.049421
-8.0,30,4785.492772
-30.0,30,4788.066762
-30.0,30,4790.40605
-13.0,30,4792.928863
-30.0,30,4795.30044
-30.0,30,4797.710346
-5.0,30,4800.083354
-9.0,30,4802.627528
-8.0,30,4805.100934
-30.0,30,4807.436798
-9.0,30,4810.213855
-30.0,30,4812.610076
-5.0,30,4814.994303
-11.0,30,4817.417234
-30.0,30,4819.835413
-30.0,30,4822.349691
-8.0,30,4824.951774
-7.0,30,4827.395248
-30.0,30,4829.986042
-30.0,30,4832.55836
-11.0,30,4834.939979
-9.0,30,4837.582446
-11.0,30,4840.116938
-30.0,30,4842.779629
-30.0,30,4845.414008
-30.0,30,4847.980096
-30.0,30,4850.48016
-30.0,30,4853.03273
-30.0,30,4855.53344
-30.0,30,4858.364105
-29.0,30,4861.147236
-9.0,30,4863.775446
-9.0,30,4866.622184
-12.0,30,4868.988991
-30.0,30,4871.845603
-30.0,30,4874.582054
-12.0,30,4877.34388
-30.0,30,4879.846395
-2.0,30,4882.519324
-9.0,30,4885.26286
-14.0,30,4887.948123
-6.0,30,4890.494847
-9.0,30,4893.287576
-8.0,30,4896.120458
-11.0,30,4898.743301
-30.0,30,4901.428741
-30.0,30,4903.926878
-30.0,30,4906.573517
-30.0,30,4909.455502
-9.0,30,4912.000106
-30.0,30,4914.659439
-30.0,30,4917.422323
-30.0,30,4919.9272
-30.0,30,4922.421917
-30.0,30,4924.921412
-10.0,30,4927.467579
-30.0,30,4930.135564
-7.0,30,4932.765404
-10.0,30,4935.333909
-30.0,30,4937.831698
-4.0,30,4940.356943
-10.0,30,4942.855571
-30.0,30,4945.36111
-8.0,30,4948.009992
-30.0,30,4950.57707
-30.0,30,4953.046853
-13.0,30,4955.482794
-30.0,30,4958.132664
-6.0,30,4960.843037
-6.0,30,4963.261927
-6.0,30,4965.892725
-20.0,30,4968.619445
-9.0,30,4971.233133
-30.0,30,4973.776831
-7.0,30,4976.327426
-10.0,30,4978.913717
-8.0,30,4981.776097
-30.0,30,4984.249715
-30.0,30,4986.688999
-30.0,30,4989.233734
-8.0,30,4991.693562
-4.0,30,4994.287348
-30.0,30,4996.888934
-5.0,30,4999.409285
-30.0,30,5002.039927
-24.0,30,5004.80445
-7.0,30,5007.341048
-30.0,30,5009.945041
-17.0,30,5012.784752
-11.0,30,5015.502631
-5.0,30,5018.10627
-30.0,30,5020.878006
-8.0,30,5023.540214
-30.0,30,5026.09665
-30.0,30,5028.738414
-30.0,30,5031.299891
-30.0,30,5033.866029
-30.0,30,5036.438438
-24.0,30,5039.305996
-12.0,30,5041.98597
-18.0,30,5044.608768
-30.0,30,5047.112687
-10.0,30,5049.712111
-2.0,30,5052.345017
-5.0,30,5054.843818
-30.0,30,5057.393525
-8.0,30,5060.078349
-30.0,30,5062.597664
-9.0,30,5065.209578
-9.0,30,5067.754982
-8.0,30,5070.315696
-7.0,30,5072.784695
-7.0,30,5075.493558
-9.0,30,5078.325377
-11.0,30,5080.96589
-10.0,30,5083.429819
-30.0,30,5086.073916
-30.0,30,5088.604789
-6.0,30,5091.141953
-7.0,30,5093.72622
-30.0,30,5096.252657
-30.0,30,5098.841269
-9.0,30,5101.356338
-7.0,30,5103.964733
-7.0,30,5106.76416
-30.0,30,5109.526093
-30.0,30,5112.270909
-5.0,30,5114.671846
-30.0,30,5121.389355
-15.0,30,5123.944916
-5.0,30,5126.54049
-11.0,30,5129.004682
-14.0,30,5131.782568
-12.0,30,5134.380003
-30.0,30,5136.871822
-30.0,30,5139.341581
-30.0,30,5141.741189
-30.0,30,5144.377055
-8.0,30,5146.889903
-5.0,30,5149.447242
-9.0,30,5152.144513
-30.0,30,5154.715252
-10.0,30,5157.33287
-30.0,30,5159.831532
-8.0,30,5162.514825
-7.0,30,5165.073967
-30.0,30,5167.626537
-13.0,30,5170.40233
-7.0,30,5173.046581
-11.0,30,5175.475802
-30.0,30,5178.111249
-30.0,30,5180.662052
-30.0,30,5183.360241
-30.0,30,5185.755222
-8.0,30,5188.30462
-10.0,30,5191.015469
-30.0,30,5193.683229
-30.0,30,5196.271628
-30.0,30,5198.875532
-10.0,30,5201.670361
-30.0,30,5204.18144
-30.0,30,5206.782981
-30.0,30,5209.158693
-30.0,30,5211.856883
-14.0,30,5214.560496
-30.0,30,5217.164112
-10.0,30,5219.700865
-7.0,30,5222.241658
-28.0,30,5224.871715
-30.0,30,5227.515821
-30.0,30,5230.052004
-9.0,30,5232.810041
-30.0,30,5235.42778
-30.0,30,5237.931597
-30.0,30,5240.523778
-30.0,30,5242.860797
-10.0,30,5245.601568
-30.0,30,5248.081075
-4.0,30,5250.58501
-7.0,30,5253.380453
-30.0,30,5255.907625
-7.0,30,5258.672706
-9.0,30,5261.252063
-14.0,30,5263.922102
-30.0,30,5266.549823
-17.0,30,5269.168795
-6.0,30,5271.818808
-30.0,30,5274.838371
-10.0,30,5277.318884
-30.0,30,5279.845323
-30.0,30,5282.709316
-8.0,30,5285.448313
-2.0,30,5288.031554
-7.0,30,5290.515638
-9.0,30,5293.258067
-6.0,30,5295.71642
-30.0,30,5298.26617
-10.0,30,5300.943264
-8.0,30,5303.657109
-8.0,30,5306.138083
-12.0,30,5308.704673
-30.0,30,5311.19987
-30.0,30,5313.885402
-9.0,30,5316.436693
-30.0,30,5318.930064
-5.0,30,5321.419244
-11.0,30,5323.849303
-30.0,30,5326.27182
-5.0,30,5328.726278
-2.0,30,5331.085136
-30.0,30,5333.458236
-30.0,30,5335.893948
-7.0,30,5338.436426
-30.0,30,5340.8254
-8.0,30,5343.341164
-30.0,30,5345.760119
-2.0,30,5348.06671
-30.0,30,5350.53826
-10.0,30,5352.956609
-7.0,30,5355.544357
-30.0,30,5357.948573
-30.0,30,5360.346592
-12.0,30,5362.895391
-14.0,30,5365.3434
-30.0,30,5367.801879
-10.0,30,5370.05418
-30.0,30,5372.498261
-5.0,30,5374.74144
-8.0,30,5377.044585
-30.0,30,5379.62176
-30.0,30,5381.969187
-7.0,30,5384.29886
-30.0,30,5386.600299
-3.0,30,5388.991725
-30.0,30,5391.658171
-9.0,30,5394.075744
-9.0,30,5396.555748
-30.0,30,5399.019809
-9.0,30,5401.524697
-12.0,30,5404.065248
-30.0,30,5406.498724
-4.0,30,5408.833777
-30.0,30,5411.191195
-3.0,30,5413.615989
-3.0,30,5415.948013
-10.0,30,5418.120939
-7.0,30,5420.612122
-6.0,30,5422.93278
-30.0,30,5425.314053
-30.0,30,5427.638259
-30.0,30,5430.011849
-6.0,30,5432.372205
-30.0,30,5434.808866
-23.0,30,5437.389584
-6.0,30,5439.869954
-4.0,30,5442.22594
-30.0,30,5444.591743
-4.0,30,5447.139975
-7.0,30,5449.560558
-5.0,30,5452.141539
-6.0,30,5454.648098
-7.0,30,5457.0394
-30.0,30,5459.360004
-8.0,30,5461.985565
-8.0,30,5464.726113
-13.0,30,5467.164108
-30.0,30,5469.786908
-13.0,30,5472.387238
-9.0,30,5474.880051
-14.0,30,5477.452341
-30.0,30,5479.731766
-30.0,30,5482.040509
-30.0,30,5484.461699
-30.0,30,5486.843737
-30.0,30,5489.294304
-5.0,30,5491.811793
-30.0,30,5494.323136
-9.0,30,5496.916887
-30.0,30,5499.2614
-30.0,30,5501.66829
-30.0,30,5504.094207
-12.0,30,5506.648566
-14.0,30,5509.284589
-11.0,30,5511.851652
-30.0,30,5514.206082
-30.0,30,5516.592282
-30.0,30,5518.913344
-30.0,30,5521.294456
-9.0,30,5523.801899
-7.0,30,5526.403448
-30.0,30,5528.828751
-30.0,30,5531.158055
-30.0,30,5533.588734
-30.0,30,5536.009832
-30.0,30,5538.51919
-30.0,30,5541.02634
-9.0,30,5543.449077
-9.0,30,5545.940734
-30.0,30,5548.262312
-30.0,30,5550.745522
-8.0,30,5553.23983
-30.0,30,5555.549819
-30.0,30,5558.054079
-5.0,30,5560.555001
-7.0,30,5563.180677
-30.0,30,5565.565889
-13.0,30,5567.951904
-30.0,30,5570.34089
-8.0,30,5573.011721
-30.0,30,5575.342973
-30.0,30,5577.742715
-11.0,30,5580.313473
-30.0,30,5582.635588
-30.0,30,5585.037325
-30.0,30,5587.490842
-30.0,30,5589.908799
-30.0,30,5592.270919
-6.0,30,5594.614466
-30.0,30,5597.040052
-4.0,30,5599.405329
-12.0,30,5601.92142
-30.0,30,5604.398646
-30.0,30,5606.716038
-8.0,30,5609.359297
-30.0,30,5611.788272
-8.0,30,5614.54341
-30.0,30,5616.86507
-30.0,30,5619.330081
-30.0,30,5621.766388
-30.0,30,5624.182753
-6.0,30,5626.617007
-30.0,30,5628.918226
-8.0,30,5631.542544
-30.0,30,5633.941512
-30.0,30,5636.387217
-8.0,30,5639.057733
-12.0,30,5641.510781
-30.0,30,5643.90261
-7.0,30,5646.252722
-30.0,30,5648.617077
-30.0,30,5651.05704
-30.0,30,5653.354533
-30.0,30,5655.860397
-30.0,30,5658.355346
-5.0,30,5660.891494
-3.0,30,5663.31774
-30.0,30,5665.679466
-30.0,30,5668.038401
-30.0,30,5670.48093
-30.0,30,5672.890165
-30.0,30,5675.319795
-30.0,30,5677.781539
-14.0,30,5680.294555
-30.0,30,5682.583697
-30.0,30,5685.172801
-7.0,30,5687.578138
-30.0,30,5689.914777
-30.0,30,5692.350487
-30.0,30,5694.728207
-8.0,30,5697.460935
-9.0,30,5699.800598
-15.0,30,5702.460938
-7.0,30,5704.909474
-7.0,30,5707.440043
-9.0,30,5710.110971
-7.0,30,5712.577165
-7.0,30,5714.979247
-8.0,30,5717.448175
-4.0,30,5719.873498
-9.0,30,5722.285941
-30.0,30,5724.696769
-30.0,30,5727.149137
-5.0,30,5729.397959
-30.0,30,5731.772988
-30.0,30,5734.170238
-30.0,30,5736.526298
-12.0,30,5739.114539
-30.0,30,5741.506759
-30.0,30,5743.747577
-30.0,30,5746.289138
-30.0,30,5748.807958
-13.0,30,5751.195924
-10.0,30,5753.867342
-11.0,30,5756.304416
-30.0,30,5758.753958
-30.0,30,5761.088818
-6.0,30,5763.518731
-30.0,30,5766.031286
-4.0,30,5768.398829
-11.0,30,5770.951755
-30.0,30,5773.502061
-30.0,30,5775.902428
-12.0,30,5778.302334
-5.0,30,5780.694369
-12.0,30,5783.22941
-13.0,30,5785.966337
-30.0,30,5788.253874
-30.0,30,5790.730499
-6.0,30,5793.119805
-30.0,30,5795.528585
-6.0,30,5797.969806
-30.0,30,5800.295022
-7.0,30,5802.670666
-30.0,30,5805.135962
-30.0,30,5807.523483
-16.0,30,5810.125889
-11.0,30,5812.640559
-14.0,30,5814.975712
-6.0,30,5817.361664
-9.0,30,5819.857757
-30.0,30,5822.247725
-9.0,30,5824.808887
-12.0,30,5827.204768
-30.0,30,5829.492927
-30.0,30,5832.05793
-30.0,30,5834.390558
-9.0,30,5836.879153
-30.0,30,5839.28542
-8.0,30,5841.834136
-8.0,30,5844.496063
-30.0,30,5846.860622
-7.0,30,5849.227498
-30.0,30,5851.632219
-30.0,30,5854.064356
-30.0,30,5856.356848
-7.0,30,5858.799438
-30.0,30,5861.324259
-10.0,30,5863.948555
-30.0,30,5866.259724
-30.0,30,5868.638897
-30.0,30,5870.932419
-7.0,30,5873.490361
-7.0,30,5875.881649
-6.0,30,5878.141477
-30.0,30,5880.555269
-10.0,30,5882.861223
-9.0,30,5885.608566
-7.0,30,5888.071393
-30.0,30,5890.465091
-30.0,30,5892.79718
-6.0,30,5895.176885
-30.0,30,5897.704474
-30.0,30,5900.116819
-30.0,30,5902.583681
-3.0,30,5904.798898
-30.0,30,5907.257252
-30.0,30,5909.602625
-3.0,30,5911.791798
-30.0,30,5914.415717
-30.0,30,5916.841755
-5.0,30,5919.255409
-5.0,30,5921.621359
-30.0,30,5924.001026
-7.0,30,5926.595305
-9.0,30,5928.926168
-30.0,30,5931.330946
-15.0,30,5934.090334
-14.0,30,5936.571068
-30.0,30,5938.992373
-10.0,30,5941.309693
-30.0,30,5943.811438
-6.0,30,5950.420045
-9.0,30,5952.954231
-5.0,30,5955.282604
-30.0,30,5957.675391
-30.0,30,5960.095919
-30.0,30,5962.461781
-10.0,30,5965.006754
-30.0,30,5967.391913
-4.0,30,5969.852905
-6.0,30,5972.435006
-6.0,30,5974.731914
-9.0,30,5977.388184
-9.0,30,5979.679475
-8.0,30,5982.35358
-6.0,30,5984.811368
-30.0,30,5987.401427
-30.0,30,5989.760996
-6.0,30,5992.1345
-30.0,30,5994.508694
-5.0,30,5996.908899
-30.0,30,5999.287679
-30.0,30,6001.668679
-10.0,30,6004.373682
-30.0,30,6006.72906
-12.0,30,6009.471351
-30.0,30,6011.934626
-30.0,30,6014.411891
-30.0,30,6016.782192
-30.0,30,6019.266325
-30.0,30,6021.652142
-9.0,30,6024.214764
-10.0,30,6026.592381
-8.0,30,6028.906532
-12.0,30,6031.493801
-16.0,30,6034.076409
-30.0,30,6036.527186
-8.0,30,6039.128152
-9.0,30,6041.532748
-7.0,30,6043.8669
-30.0,30,6046.38422
-20.0,30,6048.938615
-30.0,30,6051.188838
-30.0,30,6053.677563
-30.0,30,6056.196739
-14.0,30,6058.851962
-13.0,30,6061.23244
-30.0,30,6063.732892
-4.0,30,6066.125194
-30.0,30,6068.488062
-9.0,30,6071.129723
-30.0,30,6073.549568
-30.0,30,6075.969091
-30.0,30,6078.4652
-9.0,30,6080.872288
-30.0,30,6083.266451
-12.0,30,6085.757813
-15.0,30,6088.291681
-16.0,30,6090.561576
-30.0,30,6092.999544
-30.0,30,6095.319857
-30.0,30,6097.639266
-2.0,30,6100.129589
-7.0,30,6102.552136
-30.0,30,6105.047598
-30.0,30,6107.4869
-30.0,30,6109.901829
-8.0,30,6112.253583
-30.0,30,6114.883896
-7.0,30,6117.29511
-3.0,30,6119.809467
-30.0,30,6122.312757
-30.0,30,6124.968678
-7.0,30,6127.296029
-12.0,30,6129.850524
-30.0,30,6132.158328
-9.0,30,6134.69228
-4.0,30,6136.98263
-8.0,30,6139.52555
-30.0,30,6141.99214
-30.0,30,6144.367183
-12.0,30,6146.922809
-30.0,30,6149.366085
-30.0,30,6151.820686
-30.0,30,6154.197797
-10.0,30,6156.833208
-30.0,30,6159.237286
-9.0,30,6161.625288
-30.0,30,6164.005121
-30.0,30,6166.333515
-30.0,30,6168.86397
-30.0,30,6171.235276
-30.0,30,6173.568863
-30.0,30,6175.973226
-30.0,30,6178.546365
-30.0,30,6181.107881
-12.0,30,6183.354066
-8.0,30,6185.871434
-30.0,30,6188.141765
-30.0,30,6190.510639
-30.0,30,6193.073523
-30.0,30,6195.445403
-30.0,30,6197.937453
-30.0,30,6200.261522
-12.0,30,6202.827725
-30.0,30,6205.178987
-6.0,30,6207.571051
-30.0,30,6209.879099
-9.0,30,6212.452421
-30.0,30,6214.874224
-30.0,30,6217.290275
-30.0,30,6219.724539
-30.0,30,6222.067603
-8.0,30,6224.426778
-30.0,30,6226.753686
-30.0,30,6229.279763
-30.0,30,6231.721934
-30.0,30,6234.25032
-8.0,30,6236.67561
-12.0,30,6239.2832
-30.0,30,6241.642169
-17.0,30,6244.10843
-30.0,30,6246.490063
-30.0,30,6248.889457
-9.0,30,6251.397503
-30.0,30,6253.763424
-7.0,30,6256.297371
-7.0,30,6258.67391
-9.0,30,6261.430745
-30.0,30,6263.941518
-8.0,30,6266.493938
-13.0,30,6269.170197
-30.0,30,6271.451451
-30.0,30,6273.746838
-30.0,30,6276.262182
-12.0,30,6278.95289
-8.0,30,6281.521375
-30.0,30,6283.903265
-30.0,30,6286.439719
-30.0,30,6288.664221
-8.0,30,6291.316302
-30.0,30,6293.698917
-10.0,30,6296.135891
-9.0,30,6298.630285
-7.0,30,6301.142317
-30.0,30,6303.470942
-8.0,30,6306.118722
-30.0,30,6308.421149
-30.0,30,6310.76643
-20.0,30,6313.507964
-30.0,30,6315.940056
-14.0,30,6318.552389
-30.0,30,6320.971022
-30.0,30,6323.314555
-12.0,30,6325.93565
-13.0,30,6328.32198
-30.0,30,6330.838874
-30.0,30,6333.197225
-12.0,30,6335.698211
-8.0,30,6337.98367
-9.0,30,6340.62951
-30.0,30,6343.044733
-7.0,30,6345.573372
-30.0,30,6347.968158
-30.0,30,6350.301518
-30.0,30,6352.755184
-9.0,30,6355.138132
-30.0,30,6357.46824
-30.0,30,6359.846534
-9.0,30,6362.300807
-30.0,30,6364.604472
-30.0,30,6366.946179
-30.0,30,6369.348212
-7.0,30,6371.962076
-30.0,30,6374.483334
-4.0,30,6376.831949
-3.0,30,6379.121984
-30.0,30,6381.387152
-10.0,30,6384.050146
-11.0,30,6386.448916
-30.0,30,6388.784312
-30.0,30,6391.181718
-6.0,30,6393.507581
-10.0,30,6395.906757
-8.0,30,6398.457065
-30.0,30,6401.070187
-14.0,30,6403.648587
-30.0,30,6405.992182
-8.0,30,6408.458305
-14.0,30,6411.015647
-30.0,30,6413.402445
-30.0,30,6415.822846
-9.0,30,6418.096176
-7.0,30,6420.489416
-9.0,30,6422.939405
-5.0,30,6425.384159
-30.0,30,6427.658138
-7.0,30,6430.307698
-9.0,30,6432.675782
-30.0,30,6435.048007
-9.0,30,6437.495981
-30.0,30,6439.836309
-7.0,30,6442.273595
-30.0,30,6444.860443
-13.0,30,6447.272124
-12.0,30,6449.926965
-30.0,30,6452.531605
-13.0,30,6454.859981
-7.0,30,6457.341403
-9.0,30,6459.880486
-30.0,30,6462.345356
-30.0,30,6464.689401
-2.0,30,6467.175184
-30.0,30,6469.586881
-5.0,30,6471.923581
-12.0,30,6474.262427
-30.0,30,6476.721983
-30.0,30,6479.068133
-30.0,30,6481.414152
-10.0,30,6483.899253
-7.0,30,6486.191262
-30.0,30,6488.498316
-9.0,30,6491.230775
-30.0,30,6493.604005
-30.0,30,6496.156314
-9.0,30,6498.647659
-30.0,30,6500.992044
-30.0,30,6503.389467
-2.0,30,6505.93554
-30.0,30,6508.312526
-30.0,30,6510.791401
-30.0,30,6513.19051
-9.0,30,6515.645847
-22.0,30,6518.098786
-11.0,30,6520.403342
-9.0,30,6522.885
-9.0,30,6525.554033
-4.0,30,6527.809166
-30.0,30,6530.139286
-7.0,30,6532.581533
-30.0,30,6534.908641
-30.0,30,6537.274794
-30.0,30,6539.847406
-30.0,30,6542.337339
-30.0,30,6544.641409
-8.0,30,6547.196228
-14.0,30,6549.46144
-15.0,30,6551.881176
-30.0,30,6554.288688
-30.0,30,6556.708972
-13.0,30,6559.11045
-30.0,30,6561.446471
-30.0,30,6563.821377
-30.0,30,6566.132947
-8.0,30,6568.541269
-30.0,30,6571.003767
-7.0,30,6573.46318
-7.0,30,6575.97515
-3.0,30,6578.272614
-3.0,30,6580.696065
-3.0,30,6583.171447
-14.0,30,6585.579347
-10.0,30,6587.980784
-7.0,30,6590.270583
-30.0,30,6592.605649
-9.0,30,6595.238955
-30.0,30,6597.56828
-9.0,30,6600.067932
-30.0,30,6602.472246
-4.0,30,6604.979889
-11.0,30,6607.412744
-30.0,30,6609.875952
-30.0,30,6612.248428
-13.0,30,6614.672673
-5.0,30,6617.13582
-30.0,30,6619.731797
-6.0,30,6622.159404
-8.0,30,6624.644803
-30.0,30,6627.226191
-13.0,30,6629.967011
-30.0,30,6632.257858
-3.0,30,6634.647965
-4.0,30,6637.000253
-30.0,30,6639.367314
-4.0,30,6641.739793
-30.0,30,6644.107894
-3.0,30,6646.56042
-30.0,30,6649.023543
-28.0,30,6651.419438
-5.0,30,6653.923892
-9.0,30,6656.293866
-7.0,30,6658.926304
-7.0,30,6661.168696
-10.0,30,6663.612617
-10.0,30,6666.13895
-9.0,30,6668.612764
-13.0,30,6671.040885
-30.0,30,6673.479492
-12.0,30,6675.923638
-30.0,30,6678.24954
-9.0,30,6680.702459
-5.0,30,6683.025923
-7.0,30,6685.669703
-8.0,30,6688.061645
-10.0,30,6690.367383
-30.0,30,6692.703092
-12.0,30,6695.214421
-30.0,30,6697.696781
-30.0,30,6700.134693
-30.0,30,6702.548541
-30.0,30,6705.02801
-12.0,30,6707.516598
-30.0,30,6710.029691
-30.0,30,6712.354596
-11.0,30,6715.079559
-5.0,30,6717.610291
-30.0,30,6720.17417
-5.0,30,6722.415658
-10.0,30,6725.088823
-9.0,30,6727.749208
-3.0,30,6730.144597
-30.0,30,6732.593554
-30.0,30,6735.041526
-30.0,30,6737.657816
-30.0,30,6740.007161
-6.0,30,6742.525575
-30.0,30,6744.922611
-30.0,30,6747.533862
-6.0,30,6750.056584
-30.0,30,6752.322348
-30.0,30,6754.726765
-5.0,30,6757.134341
-30.0,30,6759.552889
-6.0,30,6761.873395
-9.0,30,6768.663561
-11.0,30,6771.357922
-30.0,30,6773.757907
-30.0,30,6776.340654
-10.0,30,6779.094205
-9.0,30,6781.530208
-10.0,30,6784.070644
-30.0,30,6786.448011
-9.0,30,6788.993153
-4.0,30,6791.380082
-30.0,30,6793.693841
-30.0,30,6795.964644
-30.0,30,6798.454745
-30.0,30,6800.816386
-30.0,30,6803.289912
-11.0,30,6805.890944
-7.0,30,6808.413793
-30.0,30,6810.782855
-30.0,30,6813.137473
-30.0,30,6815.472532
-6.0,30,6817.88196
-30.0,30,6820.260443
-13.0,30,6822.777548
-15.0,30,6825.086862
-29.0,30,6827.540078
-30.0,30,6829.935246
-30.0,30,6832.390952
-6.0,30,6834.872361
-30.0,30,6837.395211
-8.0,30,6839.771857
-30.0,30,6842.132197
-30.0,30,6844.617782
-12.0,30,6847.346293
-9.0,30,6849.690913
-30.0,30,6852.320874
-10.0,30,6854.917189
-30.0,30,6857.557266
-11.0,30,6860.139703
-30.0,30,6862.877583
-8.0,30,6865.233735
-30.0,30,6867.537748
-5.0,30,6869.888235
-14.0,30,6872.494341
-10.0,30,6874.865435
-7.0,30,6877.28838
-11.0,30,6879.641198
-30.0,30,6882.041285
-5.0,30,6884.4782
-13.0,30,6886.889527
-30.0,30,6889.260947
-10.0,30,6891.642895
-6.0,30,6894.081487
-10.0,30,6896.445735
-8.0,30,6899.193329
-9.0,30,6901.764362
-4.0,30,6904.206571
-30.0,30,6906.504677
-9.0,30,6909.041704
-30.0,30,6911.495395
-30.0,30,6913.985061
-10.0,30,6916.368754
-6.0,30,6918.831501
-4.0,30,6921.238056
-30.0,30,6923.524988
-8.0,30,6926.246803
-5.0,30,6928.740757
-10.0,30,6931.112723
-30.0,30,6933.664279
-30.0,30,6936.104189
-11.0,30,6938.665481
-30.0,30,6940.963115
-11.0,30,6943.41874
-30.0,30,6945.748639
-7.0,30,6948.419782
-30.0,30,6950.819711
-30.0,30,6953.143271
-7.0,30,6955.541245
-30.0,30,6958.087534
-30.0,30,6960.631496
-30.0,30,6963.034567
-30.0,30,6965.403074
-12.0,30,6968.024016
-30.0,30,6970.417316
-12.0,30,6972.941237
-30.0,30,6975.201457
-30.0,30,6977.637312
-10.0,30,6980.230747
-10.0,30,6982.723517
-30.0,30,6985.111738
-9.0,30,6987.637961
-6.0,30,6990.011203
-30.0,30,6992.350475
-30.0,30,6994.607229
-30.0,30,6996.983166
-10.0,30,6999.713142
-30.0,30,7002.119899
-30.0,30,7004.736136
-8.0,30,7007.049901
-6.0,30,7009.45298
-30.0,30,7011.826497
-30.0,30,7014.419503
-30.0,30,7016.825274
-30.0,30,7019.38107
-7.0,30,7021.842668
-9.0,30,7024.124524
-30.0,30,7026.731117
-30.0,30,7029.380136
-30.0,30,7031.838615
-30.0,30,7034.475115
-7.0,30,7036.990388
-30.0,30,7039.548983
-30.0,30,7042.119804
-7.0,30,7044.538311
-9.0,30,7046.997861
-9.0,30,7049.695767
-9.0,30,7052.180709
-30.0,30,7054.674921
-30.0,30,7057.114993
-6.0,30,7059.535608
-5.0,30,7061.91722
-30.0,30,7064.318508
-30.0,30,7066.826905
-11.0,30,7069.191475
-10.0,30,7071.779787
-6.0,30,7074.14933
-30.0,30,7076.559942
-30.0,30,7079.040002
-7.0,30,7081.40125
-8.0,30,7083.703946
-14.0,30,7086.151536
-30.0,30,7088.587384
-15.0,30,7091.165785
-30.0,30,7093.512269
-30.0,30,7095.998837
-9.0,30,7098.671342
-30.0,30,7101.057173
-8.0,30,7103.397256
-12.0,30,7105.732876
-30.0,30,7108.267851
-30.0,30,7110.752366
-30.0,30,7113.004624
-30.0,30,7115.239762
-8.0,30,7117.832502
-9.0,30,7120.386146
-7.0,30,7122.842205
-30.0,30,7125.19515
-26.0,30,7127.813149
-30.0,30,7130.317245
-9.0,30,7132.708965
-9.0,30,7135.223158
-30.0,30,7137.492294
-30.0,30,7139.877151
-30.0,30,7142.23911
-11.0,30,7144.772405
-12.0,30,7147.162749
-30.0,30,7149.471576
-30.0,30,7151.974355
-30.0,30,7154.179908
-30.0,30,7156.50103
-30.0,30,7158.84197
-30.0,30,7161.300149
-3.0,30,7163.68944
-5.0,30,7166.049875
-8.0,30,7168.346788
-30.0,30,7170.72552
-5.0,30,7173.119041
-5.0,30,7175.47481
-8.0,30,7177.836645
-13.0,30,7180.29124
-30.0,30,7182.759049
-30.0,30,7185.385878
-7.0,30,7187.763588
-7.0,30,7190.100914
-8.0,30,7192.778283
-30.0,30,7195.31854
-30.0,30,7197.711157
-9.0,30,7200.205073
-9.0,30,7202.795488
-12.0,30,7205.476651
-7.0,30,7208.133095
-8.0,30,7210.726421
-30.0,30,7213.061911
-30.0,30,7215.426923
-30.0,30,7217.851349
-30.0,30,7220.311178
-10.0,30,7222.789828
-6.0,30,7225.251929
-13.0,30,7227.966898
-30.0,30,7230.297935
-3.0,30,7232.611209
-2.0,30,7234.958362
-30.0,30,7237.44591
-8.0,30,7240.191536
-30.0,30,7242.696826
-30.0,30,7245.065973
-7.0,30,7247.56985
-9.0,30,7250.068821
-30.0,30,7252.472013
-7.0,30,7254.839678
-30.0,30,7257.226776
-8.0,30,7259.852955
-8.0,30,7262.521746
-30.0,30,7265.028574
-30.0,30,7267.54085
-9.0,30,7269.944732
-30.0,30,7272.48189
-7.0,30,7274.90055
-30.0,30,7277.34357
-30.0,30,7279.840108
-4.0,30,7282.171874
-15.0,30,7284.645117
-30.0,30,7286.98811
-9.0,30,7289.527715
-30.0,30,7291.995864
-7.0,30,7294.482816
-30.0,30,7296.933149
-9.0,30,7299.333375
-30.0,30,7301.57477
-8.0,30,7303.983793
-16.0,30,7306.350518
-7.0,30,7308.942221
-11.0,30,7311.310743
-7.0,30,7313.888317
-30.0,30,7316.370822
-8.0,30,7318.666087
-30.0,30,7320.987803
-30.0,30,7323.410159
-30.0,30,7325.84853
-4.0,30,7328.17007
-9.0,30,7330.724449
-30.0,30,7333.219091
-30.0,30,7335.633436
-6.0,30,7338.223779
-9.0,30,7340.738612
-30.0,30,7343.372864
-8.0,30,7345.701667
-8.0,30,7348.026667
-30.0,30,7350.283258
-30.0,30,7352.658209
-30.0,30,7355.252708
-10.0,30,7357.676939
-30.0,30,7360.044394
-11.0,30,7362.389804
-8.0,30,7364.947745
-30.0,30,7367.355149
-30.0,30,7369.877782
-30.0,30,7372.190948
-11.0,30,7374.598104
-10.0,30,7377.194499
-30.0,30,7379.653863
-30.0,30,7381.970039
-5.0,30,7384.453475
-11.0,30,7387.154372
-7.0,30,7389.592135
-30.0,30,7391.95044
-30.0,30,7394.366207
-30.0,30,7396.810063
-30.0,30,7399.09051
-30.0,30,7401.432864
-8.0,30,7403.997346
-30.0,30,7406.470243
-9.0,30,7409.109755
-6.0,30,7411.614404
-9.0,30,7413.88442
-30.0,30,7416.251744
-30.0,30,7418.612521
-30.0,30,7420.963896
-30.0,30,7423.382669
-10.0,30,7425.860899
-30.0,30,7428.305775
-10.0,30,7430.927369
-8.0,30,7433.554829
-30.0,30,7435.989261
-30.0,30,7438.477471
-11.0,30,7441.060042
-3.0,30,7443.459912
-30.0,30,7445.764055
-30.0,30,7448.119271
-30.0,30,7450.701774
-30.0,30,7453.067215
-9.0,30,7455.570249
-8.0,30,7457.870926
-30.0,30,7460.271591
-30.0,30,7462.660369
-30.0,30,7465.030745
-7.0,30,7467.354254
-8.0,30,7469.736855
-30.0,30,7472.103927
-30.0,30,7474.428096
-30.0,30,7477.057284
-30.0,30,7479.49447
-7.0,30,7481.780819
-30.0,30,7484.225168
-10.0,30,7486.769132
-8.0,30,7489.31158
-4.0,30,7491.763867
-30.0,30,7494.226217
-30.0,30,7496.762891
-30.0,30,7499.165555
-9.0,30,7501.723745
-30.0,30,7504.208425
-9.0,30,7506.773501
-30.0,30,7509.329829
-12.0,30,7511.982379
-13.0,30,7514.460095
-12.0,30,7517.123778
-30.0,30,7519.527
-30.0,30,7521.954538
-8.0,30,7524.516689
-6.0,30,7526.980008
-3.0,30,7529.46103
-8.0,30,7532.114061
-13.0,30,7534.442323
-11.0,30,7537.142386
-30.0,30,7539.737929
-30.0,30,7542.1467
-3.0,30,7544.403247
-30.0,30,7546.739167
-30.0,30,7549.142577
-3.0,30,7551.553235
-9.0,30,7554.141111
-30.0,30,7556.722055
-30.0,30,7559.22094
-30.0,30,7561.576534
-30.0,30,7563.857941
-30.0,30,7566.144239
-5.0,30,7568.574518
-10.0,30,7571.091522
-30.0,30,7573.526733
-30.0,30,7576.123899
-30.0,30,7578.858113
-30.0,30,7581.232299
-30.0,30,7583.581013
-10.0,30,7586.314462
-13.0,30,7593.053454
-30.0,30,7595.650545
-9.0,30,7598.15808
-30.0,30,7600.550695
-30.0,30,7602.977862
-6.0,30,7605.298684
-30.0,30,7607.81652
-30.0,30,7610.442271
-30.0,30,7612.876497
-30.0,30,7615.50111
-3.0,30,7617.789235
-30.0,30,7620.124236
-6.0,30,7622.566068
-30.0,30,7624.89532
-30.0,30,7627.275666
-30.0,30,7629.651989
-30.0,30,7631.966851
-5.0,30,7634.397017
-30.0,30,7636.729727
-9.0,30,7639.066447
-8.0,30,7641.551338
-8.0,30,7643.936576
-15.0,30,7646.603495
-30.0,30,7649.199957
-30.0,30,7651.483727
-9.0,30,7653.813053
-30.0,30,7656.348775
-30.0,30,7658.760188
-8.0,30,7661.222746
-13.0,30,7663.587975
-30.0,30,7665.985741
-15.0,30,7668.472861
-30.0,30,7670.883101
-30.0,30,7673.246666
-30.0,30,7675.555399
-30.0,30,7677.949361
-13.0,30,7680.583425
-30.0,30,7682.87594
-8.0,30,7685.496075
-6.0,30,7687.72213
-5.0,30,7690.235345
-30.0,30,7692.584875
-30.0,30,7694.865567
-30.0,30,7697.28486
-4.0,30,7699.778222
-30.0,30,7702.234979
-30.0,30,7704.536578
-7.0,30,7706.915194
-30.0,30,7709.364363
-30.0,30,7711.63025
-30.0,30,7714.00529
-9.0,30,7716.471726
-10.0,30,7719.021304
-30.0,30,7721.471133
-30.0,30,7724.032692
-30.0,30,7726.516955
-30.0,30,7728.979638
-11.0,30,7731.467618
-19.0,30,7733.955893
-7.0,30,7736.598437
-30.0,30,7738.944989
-30.0,30,7741.291927
-30.0,30,7743.763324
-10.0,30,7746.395257
-8.0,30,7748.997229
-3.0,30,7751.480593
-12.0,30,7753.984343
-8.0,30,7756.401822
-11.0,30,7759.055302
-30.0,30,7761.377921
-30.0,30,7763.751916
-30.0,30,7766.196294
-30.0,30,7768.581407
-30.0,30,7770.935782
-5.0,30,7773.331822
-7.0,30,7775.818818
-9.0,30,7778.443477
-10.0,30,7780.694013
-7.0,30,7783.259049
-8.0,30,7785.935004
-5.0,30,7788.391184
-8.0,30,7790.912985
-30.0,30,7793.387981
-9.0,30,7795.722554
-30.0,30,7798.175627
-30.0,30,7800.553047
-5.0,30,7802.882792
-12.0,30,7805.352668
-12.0,30,7807.889818
-12.0,30,7810.672433
-7.0,30,7813.124493
-30.0,30,7815.611525
-30.0,30,7817.976515
-30.0,30,7820.408933
-6.0,30,7822.830426
-30.0,30,7825.153698
-30.0,30,7827.825343
-12.0,30,7830.304069
-8.0,30,7833.044239
-4.0,30,7835.411982
-7.0,30,7837.861989
-30.0,30,7840.467503
-13.0,30,7843.007063
-30.0,30,7845.438631
-30.0,30,7847.871505
-6.0,30,7850.189761
-9.0,30,7852.728581
-30.0,30,7855.122
-30.0,30,7857.454244
-30.0,30,7859.815605
-30.0,30,7862.168895
-30.0,30,7864.439901
-30.0,30,7866.881284
-8.0,30,7869.217185
-10.0,30,7871.584008
-30.0,30,7874.013812
-30.0,30,7876.398674
-8.0,30,7878.958578
-7.0,30,7881.293683
-8.0,30,7883.652317
-30.0,30,7886.087222
-6.0,30,7888.368507
-8.0,30,7890.753127
-8.0,30,7893.185046
-30.0,30,7895.774421
-30.0,30,7898.15352
-30.0,30,7900.564995
-30.0,30,7902.769011
-30.0,30,7905.149466
-7.0,30,7907.449204
-5.0,30,7909.827649
-12.0,30,7912.302132
-30.0,30,7914.663598
-6.0,30,7917.096996
-30.0,30,7919.439078
-7.0,30,7921.905946
-30.0,30,7924.503186
-5.0,30,7926.815182
-30.0,30,7929.142911
-9.0,30,7931.601251
-10.0,30,7934.291824
-30.0,30,7936.686177
-13.0,30,7939.155349
-5.0,30,7941.457393
-30.0,30,7943.750995
-8.0,30,7946.440869
-8.0,30,7949.081748
-30.0,30,7951.668972
-9.0,30,7954.214251
-7.0,30,7956.574627
-30.0,30,7959.297213
-30.0,30,7961.705384
-30.0,30,7964.235114
-10.0,30,7966.803835
-30.0,30,7969.180001
-30.0,30,7971.93416
-30.0,30,7974.507675
-30.0,30,7976.939415
-30.0,30,7979.320343
-13.0,30,7981.699563
-30.0,30,7984.175099
-30.0,30,7986.572506
-30.0,30,7989.190942
-30.0,30,7991.733855
-30.0,30,7994.424851
-5.0,30,7996.767757
-11.0,30,7999.376209
-12.0,30,8001.872794
-6.0,30,8004.365213
-30.0,30,8006.764813
-30.0,30,8009.1828
-15.0,30,8011.519505
-8.0,30,8013.81914
-9.0,30,8016.400643
-30.0,30,8018.788927
-30.0,30,8021.399246
-30.0,30,8023.813768
-7.0,30,8026.274627
-30.0,30,8028.63778
-30.0,30,8031.064567
-30.0,30,8033.678986
-5.0,30,8035.978794
-9.0,30,8038.551258
-9.0,30,8041.250788
-30.0,30,8043.770091
-30.0,30,8045.980259
-5.0,30,8048.38787
-30.0,30,8050.765167
-30.0,30,8053.347277
-21.0,30,8055.93528
-9.0,30,8058.675642
-30.0,30,8060.978731
-30.0,30,8063.556507
-30.0,30,8065.92155
-8.0,30,8068.465702
-30.0,30,8070.970887
-30.0,30,8073.340041
-30.0,30,8075.697387
-14.0,30,8078.409016
-11.0,30,8080.934168
-6.0,30,8083.275841
-5.0,30,8085.648852
-7.0,30,8088.252219
-11.0,30,8090.665923
-30.0,30,8093.052678
-26.0,30,8095.573812
-30.0,30,8098.001099
-30.0,30,8100.326227
-30.0,30,8102.632297
-9.0,30,8105.185145
-14.0,30,8107.648447
-30.0,30,8110.121897
-9.0,30,8112.762963
-7.0,30,8115.408308
-9.0,30,8117.900398
-9.0,30,8120.550409
-12.0,30,8122.932765
-8.0,30,8125.561167
-10.0,30,8127.993003
-10.0,30,8130.54533
-30.0,30,8132.866176
-30.0,30,8135.305676
-30.0,30,8137.580525
-30.0,30,8139.97429
-8.0,30,8142.624124
-9.0,30,8145.115595
-30.0,30,8147.634004
-3.0,30,8150.066666
-9.0,30,8152.692837
-5.0,30,8155.091473
-30.0,30,8157.430176
-6.0,30,8159.794205
-30.0,30,8162.213358
-30.0,30,8164.61206
-30.0,30,8166.892739
-10.0,30,8169.359884
-12.0,30,8171.738165
-30.0,30,8174.205601
-30.0,30,8176.610691
-12.0,30,8179.040713
-30.0,30,8181.55467
-30.0,30,8184.140778
-7.0,30,8186.572711
-30.0,30,8189.033814
-30.0,30,8191.48787
-9.0,30,8193.794166
-30.0,30,8196.191623
-30.0,30,8198.804821
-30.0,30,8201.466727
-30.0,30,8203.884105
-30.0,30,8206.435922
-10.0,30,8209.160728
-9.0,30,8211.527693
-30.0,30,8213.918002
-30.0,30,8216.332695
-5.0,30,8218.687289
-30.0,30,8221.104981
-30.0,30,8223.488523
-11.0,30,8225.949401
-30.0,30,8228.294023
-9.0,30,8230.792384
-6.0,30,8233.180243
-30.0,30,8235.81553
-8.0,30,8238.150761
-30.0,30,8240.590572
-30.0,30,8243.070902
-9.0,30,8245.694584
-30.0,30,8247.985754
-10.0,30,8250.448359
-3.0,30,8252.899547
-6.0,30,8255.331764
-8.0,30,8257.78201
-8.0,30,8260.256996
-30.0,30,8262.721727
-30.0,30,8265.166793
-30.0,30,8267.52657
-7.0,30,8269.992786
-30.0,30,8272.353003
-8.0,30,8274.852836
-30.0,30,8277.212448
-10.0,30,8279.598768
-30.0,30,8281.987352
-11.0,30,8284.547984
-30.0,30,8286.936456
-22.0,30,8289.477525
-7.0,30,8292.133174
-30.0,30,8294.500705
-30.0,30,8296.782898
-10.0,30,8299.203004
-2.0,30,8301.637022
-7.0,30,8304.059564
-10.0,30,8306.491903
-10.0,30,8308.953227
-30.0,30,8311.290312
-7.0,30,8313.629605
-30.0,30,8315.999232
-30.0,30,8318.426064
-7.0,30,8321.112759
-9.0,30,8323.57925
-7.0,30,8326.269367
-12.0,30,8328.95137
-3.0,30,8331.305742
-3.0,30,8333.691056
-13.0,30,8336.32308
-30.0,30,8338.820882
-30.0,30,8341.187367
-30.0,30,8343.486612
-30.0,30,8345.802373
-8.0,30,8348.166328
-30.0,30,8350.671867
-9.0,30,8353.277339
-7.0,30,8355.910966
-30.0,30,8358.197246
-30.0,30,8360.613652
-30.0,30,8363.166019
-4.0,30,8365.561821
-30.0,30,8367.972812
-4.0,30,8370.346368
-30.0,30,8372.818147
-4.0,30,8375.081566
-30.0,30,8377.5
-9.0,30,8380.045202
-30.0,30,8382.471198
-14.0,30,8384.786737
-30.0,30,8387.306296
-30.0,30,8390.00551
-11.0,30,8392.422377
-30.0,30,8394.984875
-30.0,30,8397.556617
-30.0,30,8399.79852
-30.0,30,8402.416729
-11.0,30,8404.77594
-30.0,30,8407.232035
